Pregunta,Opcion1,Opcion2,Opcion3,Opcion4,RespuestaCorrectaIndex,Explicacion,Referencia
"Según el REBT, el objeto del Reglamento es:",Establecer las condiciones técnicas y garantías que deben reunir las instalaciones eléctricas (correcta),Regular las tarifas eléctricas aplicables,Determinar los requisitos de conexión a redes de alta tensión,Gestionar la relación contractual entre distribuidora y usuario,0,Artículo 1: Se establece como objeto regular las condiciones técnicas y garantías de las instalaciones eléctricas conectadas a baja tensión.,ARTÍCULO1
"Según el REBT, el Reglamento se aplica a instalaciones con tensiones nominales:",Hasta 500 V en alterna y 1.000 V en continua,Igual o inferior a 1.000 V en corriente alterna e igual o inferior a 1.500 V en corriente continua (correcta),Hasta 230/400 V en alterna,Solo tensiones inferiores a 50 V,1,Artículo 2. El Reglamento se aplica a instalaciones con tensiones nominales ≤ 1.000 V AC y ≤ 1.500 V DC.,ARTÍCULO2
"Según el REBT, la modificación de importancia se considera cuando:",Afecta al 10% de la potencia instalada,Afecta al 50% de la potencia instalada (correcta),Afecta a cualquier circuito,Incluye solo cambio de luminarias,1,Artículo 2 Se considera modificación de importancia cuando afecta a más del 50% de la potencia instalada.,ARTÍCULO2
"Según el REBT, quedan excluidas de su aplicación las instalaciones:",De alumbrado exterior,De usos militares o reglamentación específica (correcta),De viviendas,De redes informáticas siempre,1,"Artículo 2 Se excluyen las instalaciones y equipos sujetos a reglamentación específica (minas, automóviles, navíos, usos militares, etc.).",ARTÍCULO2
"Según el REBT, las instalaciones de muy baja tensión solo aplicarán prescripciones específicas cuando:",Su tensión sea inferior a 75 V en alterna,Su fuente sea autónoma y no dependan de redes de BT (correcta),Se instalen en viviendas,Sean instalaciones provisionales,1,Artículo 2. No se aplican prescripciones generales cuando la fuente es autónoma y la instalación es independiente.,ARTÍCULO2
"Según el REBT, se entiende por instalación eléctrica:",El conjunto de cables únicamente,Cualquier línea destinada a alumbrado público,Todo conjunto de aparatos y circuitos asociados para un fin particular (correcta),Una instalación interior de usuario exclusivamente,2,Artículo 3: Define instalación eléctrica como el conjunto de aparatos y circuitos asociados con un fin particular.,ARTÍCULO3
"Según el REBT, la muy baja tensión corresponde a valores:",Un ≤ 75 V en alterna,Un ≤ 50 V en alterna y Un ≤ 75 V en continua (correcta),Un ≤ 100 V en continua,50 < Un ≤ 500 V en alterna,1,Artículo 4 y tabla de clasificación de tensiones: muy baja tensión ≤ 50 V AC y ≤ 75 V DC.,ARTÍCULO4
"Según el REBT, en redes trifásicas de cuatro conductores, las tensiones normalizadas son:",220/380 V,230/400 V (correcta),240/415 V,250/440 V,1,Artículo 4 Tensión normalizada de 230 V fase-neutro y 400 V entre fases.,ARTÍCULO4
"Según el REBT, la frecuencia normalizada de la red es:",60 Hz,40 Hz,50 Hz (correcta),45 Hz,2,Artículo 4. La frecuencia empleada en la red será de 50 Hz.,ARTÍCULO4
"Según el REBT, las instalaciones que puedan producir perturbaciones deberán:",Desconectarse automáticamente,Estar dotadas de dispositivos protectores adecuados (correcta),Ser revisadas cada año,Ser alimentadas en corriente continua,1,Artículo 5: Las instalaciones que produzcan perturbaciones deben contar con dispositivos protectores.,ARTÍCULO5
"Según el REBT, los equipos utilizados deberán incluir como indicación mínima:",Marca CE únicamente,"Identificación del fabricante, modelo, tensión e intensidad asignadas (correcta)",Peso y dimensiones,Kilovatios consumidos mensualmente,1,"Artículo 6: El material debe incluir identificación del fabricante, marca/modelo, tensión/intensidad y otras indicaciones.",ARTÍCULO6
"Según el REBT, si en una instalación coexisten tensiones superiores a BT:",Debe aplicarse únicamente este Reglamento,Debe cumplirse el reglamento correspondiente a la tensión superior (correcta),Debe reducirse la tensión por seguridad,Se prohíbe la coexistencia de tensiones,1,"Artículo 7: En ausencia de indicación específica, se aplica el reglamento de la tensión superior.",ARTÍCULO7
"Según el REBT, se consideran instalaciones de alumbrado exterior:",Las de iluminación decorativa interior,Las vías de circulación o espacios entre edificaciones que requieran iluminación (correcta),Los alumbrados de emergencia interiores,Cualquier instalación con luminarias LED,1,Artículo 9: Se consideran de alumbrado exterior las que iluminan vías o espacios entre edificaciones.,ARTÍCULO9
"Según el REBT, un suministro normal es:",El que incluye dos puntos de entrega,El efectuado por una sola distribuidora para toda la potencia contratada (correcta),El destinado solo a alumbrado,El limitado al 15% de la potencia,1,Artículo 10. Suministro normal: efectuado por una sola empresa distribuidora con un solo punto de entrega.,ARTÍCULO10
"Según el REBT, un suministro duplicado es aquel capaz de mantener:",El 15% de la potencia contratada,El 25% de la potencia contratada,Más del 50% de la potencia contratada (correcta),El 100% de la instalación,2,Artículo 10. El suministro duplicado mantiene más del 50% de la potencia del suministro normal.,ARTÍCULO10
"Según el REBT, la acometida es:",La instalación interior del usuario,La parte de la red que alimenta la caja general de protección (correcta),El cable entre contador y usuario,El DGMP del edificio,1,Artículo 15. La acometida alimenta la CGP y es responsabilidad de la distribuidora.,ARTÍCULO15
"Según el REBT, una instalación interior o receptora tiene como finalidad:",La distribución de energía eléctrica,La utilización de la energía eléctrica (correcta),La generación de energía,Alimentar exclusivamente alumbrado exterior,1,Artículo 16. Describe las instalaciones interiores o receptoras como destinadas a utilizar la energía eléctrica.,ARTÍCULO16
"Según el REBT, la puesta en servicio requiere:",Solo la firma del titular,"Documentación técnica, verificaciones y certificado de instalación (correcta)",Una revisión de la distribuidora,La aprobación del ayuntamiento,1,"Artículo 18: Establece proyecto/memoria, verificaciones, inspección inicial (si aplica) y certificado.",ARTÍCULO18
"Según el REBT, la empresa suministradora no podrá conectar la instalación a la red si:",El titular no ha pagado la obra,No se entrega el certificado de instalación diligenciado (correcta),Faltan luminarias,No existe cuadro de mando,1,Artículo 18. La distribuidora no puede conectar sin el certificado diligenciado.,ARTÍCULO18
"Según el REBT, el certificado de instalación debe incluir:",Plano arquitectónico completo,Esquema unifilar y croquis del trazado (correcta),Factura del material,Contrato con la distribuidora,1,Artículo 19: Debe entregarse esquema unifilar y croquis de la instalación al titular.,ARTÍCULO19
"Según el REBT, una empresa instaladora en baja tensión es aquella que realiza, mantiene o repara instalaciones eléctricas y ha presentado:",Un proyecto técnico visado,Una declaración responsable ante el órgano competente (correcta),Una solicitud de autorización temporal,Un contrato con una distribuidora de energía,1,"ITC-BT-03, punto 2.1: la empresa instaladora debe haber presentado la correspondiente declaración responsable de inicio de actividad.",ITC-BT-03
"Según el REBT, la empresa instaladora podrá ser:",Solo persona jurídica,Solo persona física,Persona física o jurídica (correcta),Únicamente sociedades mercantiles,2,"ITC-BT-03, punto 2.1: define empresa instaladora como persona física o jurídica.",ITC-BT-03
"Según el REBT, la declaración responsable presentada por la empresa instaladora habilita para ejercer su actividad:",Solo en la comunidad autónoma donde se presente,En todo el territorio español por tiempo indefinido (correcta),Durante cinco años renovables,Únicamente después de una inspección previa,1,"ITC-BT-03, punto 5.5: la declaración responsable habilita por tiempo indefinido y para todo el territorio español.",ITC-BT-03
"Según el REBT, la categoría básica permite realizar, mantener y reparar instalaciones:","En el ámbito del reglamento, excepto las reservadas a la categoría especialista (correcta)",Solo en viviendas de uso doméstico,Exclusivamente en locales comerciales,Únicamente en baja tensión inferior a 50 V,0,"ITC-BT-03, punto 3.1: la categoría básica abarca todas las instalaciones no reservadas a la categoría especialista.",ITC-BT-03
"Según el REBT, la categoría especialista permite realizar, mantener y reparar instalaciones:",Solo en viviendas unifamiliares,En todas las instalaciones incluidas en el ámbito del reglamento (correcta),Únicamente en locales de pública concurrencia,Solo en instalaciones sin proyecto,1,"ITC-BT-03, punto 3.2: la categoría especialista podrán realizar, mantener y reparar las instalaciones de la categoría Básica y, además, mencionadas en este apartado 3.2 del REBT.",ITC-BT-03
"Según el REBT, el instalador en baja tensión deberá desarrollar su actividad:",De manera independiente sin empresa,En el seno de una empresa instaladora habilitada (correcta),Solo como trabajador autónomo,Únicamente para la compañía distribuidora,1,"ITC-BT-03, punto 4: el instalador debe desarrollar su actividad dentro de una empresa instaladora habilitada.",ITC-BT-03
"Según el REBT, una de las vías válidas para acreditar la cualificación del instalador es:",Tener experiencia laboral sin formación acreditada,Poseer un título universitario cuyo ámbito cubra las materias del reglamento (correcta),Presentar un certificado municipal,Realizar un curso privado de electricidad,1,"ITC-BT-03, punto 4.a: permite acreditar mediante título universitario con competencias relacionadas.",ITC-BT-03
"Según el REBT, otra forma de acreditar la cualificación del instalador es:",Poseer un título de formación profesional o certificado de profesionalidad que cubra las materias del reglamento (correcta),Haber trabajado tres años en mantenimiento eléctrico,Tener un curso de riesgos eléctricos,Disponer de licencia del ayuntamiento,0,"ITC-BT-03, punto 4.b: se admite título de FP o certificado de profesionalidad.",ITC-BT-03
"Según el REBT, también puede ejercer como instalador quien:",Tenga reconocida su competencia profesional adquirida por experiencia laboral (correcta),Disponga de licencia de la distribuidora,Sea técnico en telecomunicaciones,Haya completado 2 años de experiencia en obras públicas,0,"ITC-BT-03, punto 4.c: se admite reconocimiento de competencia profesional por experiencia laboral (RD 1224/2009).",ITC-BT-03
"Según el REBT, el cese de actividad o modificación de los datos declarados por la empresa instaladora debe comunicarse en un plazo máximo de:",10 días,15 días,1 mes (correcta),3 meses,2,"ITC-BT-03, punto 5.7: cualquier modificación o cese debe comunicarse en el plazo máximo de un mes.",ITC-BT-03
"Según el REBT, la empresa instaladora deberá disponer, como mínimo, de:",Un ingeniero técnico industrial,Una persona instaladora en baja tensión de la misma categoría de habilitación (correcta),Un técnico superior en electricidad y un ayudante,Un jefe de obra y un administrativo,1,"ITC-BT-03, Apéndice I, punto 1: se requiere al menos un instalador de la misma categoría.",ITC-BT-03
"Según el REBT, la empresa instaladora deberá contar con los medios técnicos adecuados para:",El montaje y la verificación de las instalaciones que ejecute (correcta),La emisión de facturas electrónicas,El control de consumo energético,La medición de armónicos en alta tensión,0,"ITC-BT-03, punto 5.8.b: la empresa debe contar con los medios técnicos y humanos necesarios.",ITC-BT-03
"Según el REBT, la empresa instaladora deberá tener suscrita una póliza de seguro de responsabilidad civil con cobertura mínima de:",300.000 € para básica y 600.000 € para especialista,600.000 € para básica y 900.000 € para especialista (correcta),900.000 € para básica y 1.200.000 € para especialista,500.000 € para ambas categorías,1,"ITC-BT-03, punto 5.8.c: mínimo 600.000 € para básica y 900.000 € para especialista.",ITC-BT-03
"Según el REBT, las empresas instaladoras deberán facilitar al órgano competente la documentación o información que se les requiera:",Cuando lo solicite la compañía eléctrica,Cuando lo solicite el órgano competente en materia de industria (correcta),Únicamente cada cinco años,Solo si cambia la normativa,1,"ITC-BT-03, punto 5.3: deberán disponer de la documentación para presentarla cuando la Administración lo requiera.",ITC-BT-03
"Según el REBT, las empresas instaladoras deberán comunicar al órgano competente cualquier incumplimiento reglamentario en las instalaciones en las que intervengan:",En un plazo no superior a 24 horas si existe peligro manifiesto (correcta),En el momento de finalizar la obra,Dentro del mismo mes,Solo cuando el titular lo autorice,0,"ITC-BT-03, punto 6.f: en caso de peligro manifiesto deberán comunicarlo en un plazo máximo de 24 horas.",ITC-BT-03
"Según el REBT, la empresa instaladora tiene prohibido:",Emitir certificados de instalaciones propias,Facilitar o ceder certificados de instalaciones no realizadas por ella misma (correcta),Contratar instaladores de otra empresa,Usar material con marcado CE,1,"ITC-BT-03, punto 5.9: prohíbe ceder o facilitar certificados de instalaciones no realizadas por la empresa.",ITC-BT-03
"Según el REBT, la empresa instaladora deberá conservar los certificados de instalación emitidos durante un período mínimo de:",Dos años,Cinco años (correcta),Diez años,Toda la vida útil de la instalación,1,"ITC-BT-03, punto 6.j: debe conservar los contratos de mantenimiento al menos 5 años; por analogía con certificados emitidos.",ITC-BT-03
"Según el REBT, la empresa instaladora está obligada a asistir a las inspecciones:",Solo si se le notifica por escrito,Cuando sea requerida por el órgano competente (correcta),Una vez al año,Únicamente en instalaciones industriales,1,"ITC-BT-03, punto 6.g: debe asistir a las inspecciones si es requerida.",ITC-BT-03
"Según el REBT, entre los medios técnicos mínimos de la categoría básica se incluye:","Medidor de aislamiento y continuidad, telurómetro y comprobador de diferenciales (correcta)",Analizador de redes trifásico,Cámara termográfica,Medidor de armónicos de alta precisión,0,"ITC-BT-03, Apéndice I, punto 2.1: especifica los equipos mínimos, entre ellos telurómetro y medidor de aislamiento.",ITC-BT-03
"Según el REBT, la categoría especialista deberá disponer, además de los medios de la categoría básica, de:","Analizador de redes, armónicos y perturbaciones (correcta)",Un luxómetro únicamente,Un multímetro digital portátil,Un osciloscopio de banco,0,"ITC-BT-03, Apéndice I, punto 2.2: la categoría especialista debe disponer de analizador de redes, armónicos y perturbaciones.",ITC-BT-03
"Según el REBT, la documentación técnica necesaria para una instalación dependerá de:",La empresa distribuidora,La importancia de la instalación (correcta),La ubicación geográfica,El tipo de empresa instaladora,1,"ITC-BT-04, apartado 2: indica que la documentación adoptará Proyecto o Memoria Técnica en función de la importancia de la instalación.",ITC-BT-04
"Según el REBT, cuando una instalación requiere proyecto, este debe ser redactado y firmado por:",Un instalador en baja tensión,La empresa suministradora,Un técnico titulado competente (correcta),Un organismo de control,2,"ITC-BT-04, apartado 2.1: el proyecto debe ser redactado y firmado por técnico titulado competente.",ITC-BT-04
"Según el REBT, en la memoria del proyecto deberán figurar, entre otros datos:",Los consumos mensuales del usuario,Los datos del propietario y el emplazamiento (correcta),La previsión de facturación anual,La normativa municipal aplicable,1,"ITC-BT-04, apartado 2.1: se listan los datos que debe incluir la memoria, entre ellos propietario y emplazamiento.",ITC-BT-04
"Según el REBT, la memoria técnica de diseño deberá redactarse en:",Formato libre,Impresos oficiales definidos por la Comunidad Autónoma (correcta),Un documento elaborado por la empresa suministradora,Un modelo aprobado por el Ayuntamiento,1,"ITC-BT-04, apartado 2.2: la MTD se redactará sobre impresos según modelo de la Comunidad Autónoma.",ITC-BT-04
"Según el REBT, la memoria técnica de diseño deberá incluir:",Precio total de la instalación,Relación nominal de receptores y su potencia (correcta),Contrato de mantenimiento,Vida útil estimada de los equipos,1,"ITC-BT-04, apartado 2.2: la MTD debe contener la relación de receptores y su potencia.",ITC-BT-04
"Según el REBT, precisarán proyecto las instalaciones nuevas incluidas en:",Cualquier instalación doméstica,Los grupos enumerados en el apartado 3.1 (correcta),Solo instalaciones industriales,Solo instalaciones con potencia superior a 100 kW,1,"ITC-BT-04, apartado 3.1: especifica los grupos de instalación que requieren proyecto.",ITC-BT-04
"Según el REBT, cuando una instalación requiere proyecto, éste podrá desarrollarse:",Como parte del proyecto general del edificio o como proyectos específicos (correcta),Solo como un proyecto independiente del edificio,Únicamente mediante memoria técnica de diseño,Exclusivamente con planos sin memoria,0,"ITC-BT-04, apartado 2.1: el proyecto podrá desarrollarse como parte del proyecto general del edificio o como uno o varios proyectos específicos.",ITC-BT-04
"Según el REBT, requerirán proyecto las ampliaciones de instalaciones cuando:",La instalación tenga más de 10 años,La ampliación supere el 50% de la potencia prevista inicialmente (correcta),El instalador lo considere necesario,Lo solicite la compañía eléctrica,1,"ITC-BT-04, apartado 3.2.c: las ampliaciones requieren proyecto si superan el 50% del proyecto anterior.",ITC-BT-04
"Según el REBT, cuando una instalación figura en varios grupos que precisan proyecto, se aplicará:",El criterio más favorable al usuario,El criterio más económico,El criterio más exigente (correcta),El criterio elegido por la compañía suministradora,2,"ITC-BT-04, apartado 3.3: se aplicará el criterio más exigente de los grupos.",ITC-BT-04
"Según el REBT, todas las instalaciones deben ser ejecutadas por:",Un técnico titulado,Un organismo de control,La empresa suministradora,Empresas instaladoras en baja tensión habilitadas (correcta),3,"ITC-BT-04, apartado 5.1: indica que todas las instalaciones deben ser efectuadas por empresas instaladoras de baja tensión.",ITC-BT-04
"Según el REBT, las instalaciones que precisan proyecto deben contar con:",Revisión anual obligatoria,La dirección de un técnico titulado competente. (correcta),Un informe económico,Un aval del propietario,1,"ITC-BT-04, apartado 5.1, segundo párrafo: establece que, en el caso de instalaciones que requirieron Proyecto, su ejecución deberá contar con la dirección de un técnico titulado competente.",ITC-BT-04
"Según el REBT, si la empresa instaladora considera que el proyecto no cumple el Reglamento, deberá:",Modificarlo sin avisar,Informar por escrito al autor del proyecto y al propietario (correcta),Solicitar autorización al Ayuntamiento,Suspender la obra de inmediato,1,"ITC-BT-04, apartado 5.1, tercer párrafo: obliga a comunicar por escrito esta circunstancia.",ITC-BT-04
"Según el REBT, al finalizar la obra, la empresa instaladora deberá realizar:",Una auditoría energética,Las verificaciones necesarias según la instalación (correcta),La legalización automática,Una inspección periódica,1,"ITC-BT-04, apartado 5.2: la empresa instaladora realizará las verificaciones oportunas.",ITC-BT-04
"Según el REBT, cuando corresponda, deberá realizarse una inspección inicial por:",La empresa suministradora,Un técnico municipal,Un organismo de control (correcta),El proyectista,2,"ITC-BT-04, apartado 5.3: Asimismo, las instalaciones que se especifican en la ITC-BT-05, deberán ser objeto de la correspondiente Inspección Inicial por Organismo de Control.",ITC-BT-04
"Según el REBT, el certificado de instalación debe incluir:",Duración estimada de la obra,Datos esenciales de la instalación y de la empresa instaladora (correcta),Contratos de mantenimiento,El precio del proyecto,1,"ITC-BT-04, apartado 5.4 a), b) y d): detalla los datos que debe incluir el certificado de instalación.",ITC-BT-04
"Según el REBT, el certificado de instalación debe presentarse ante:",El Ministerio de Industria,La compañía eléctrica y el órgano competente de la Comunidad Autónoma (correcta),El Ayuntamiento,La empresa constructora,1,"ITC-BT-04, apartado 5.5: el certificado se presenta ante el órgano competente y posteriormente a la compañía eléctrica.",ITC-BT-04
"Según el REBT, el certificado de instalación debe presentarse en:",Una sola copia en todos los casos,"Cinco copias, salvo presentación electrónica (correcta)",Tres copias,Dos copias,1,"ITC-BT-04, apartado 5.5: establece que se presentará por quintuplicado salvo tramitación electrónica.",ITC-BT-04
"Según el REBT, en montajes temporales repetidos idénticos podrá omitirse:",El certificado de instalación,La documentación de diseño después del primer registro (correcta),La inspección inicial,Las verificaciones finales,1,"ITC-BT-04, apartado 5.6, segundo párrafo: permite prescindir de la documentación de diseño en montajes repetidos.",ITC-BT-04
"Según el REBT, para solicitar el suministro de energía el titular debe entregar:",El contrato de mantenimiento,El certificado de instalación (correcta),Un informe técnico del instalador,Una certificación del Ayuntamiento,1,"ITC-BT-04, apartado 6: el titular solicitará el suministro entregando el certificado de instalación.",ITC-BT-04
"Según el REBT, la empresa suministradora no podrá conectar una instalación cuando:",No exista contrato de mantenimiento,La instalación no haya sido revisada por un arquitecto,Los valores de aislamiento o corrientes de fuga no cumplan los límites (correcta),No haya memoria técnica,2,"ITC-BT-04, apartado 6, tercer párrafo: si los valores no cumplen ITC-BT-19, la empresa suministradora no podrá conectar.",ITC-BT-04
"Según el REBT, antes de la puesta en servicio, las instalaciones eléctricas de baja tensión deberán someterse a:",Una verificación por la empresa instaladora que las ejecute (correcta),Una inspección inicial por la empresa distribuidora,Una auditoría de seguridad por el titular,Una revisión documental por el organismo competente,0,"ITC-BT-05, punto 2.1: las verificaciones previas a la puesta en servicio deberán ser realizadas por las empresas instaladoras que ejecuten las instalaciones.",ITC-BT-05
"Según el REBT, la verificación de las instalaciones deberá realizarse conforme a la norma:",UNE-HD 60.364-6 (correcta),UNE-EN 60670-1,UNE 20324-3,UNE 50110-2,0,"ITC-BT-05, punto 3: las instalaciones en baja tensión deberán ser verificadas antes de su puesta en servicio siguiendo la metodología de la norma UNE 20.460-6-61 anulada y sustituida por la norma UNE-HD 60.364-6.",ITC-BT-05
"Según el REBT, las verificaciones deberán garantizar que:",La instalación cumple las prescripciones del Reglamento y sus ITC (correcta),La instalación funciona con la potencia contratada,Los equipos cumplen las normas ISO correspondientes,La documentación esté debidamente registrada,0,"ITC-BT-05, puntos 3 y 5.1: las instalaciones se verifican según la metodología UNE 20.460-6-61 y las inspecciones se realizan sobre la base de las prescripciones del Reglamento y la documentación técnica, para comprobar el cumplimiento reglamentario.",ITC-BT-05
"Según el REBT, las inspecciones de las instalaciones eléctricas serán realizadas por:",Organismos de Control acreditados según el Real Decreto 2200/1995 (correcta),El titular de la instalación,La empresa suministradora de energía,El proyectista que redactó la memoria técnica,0,"ITC-BT-05, punto 2.b: los agentes que lleven a cabo las inspecciones deberán tener la condición de Organismos de Control, según el Real Decreto 2200/1995.",ITC-BT-05
"Según el REBT, las inspecciones podrán ser:",Iniciales y periódicas (correcta),Parciales y globales,Documentales y técnicas,De seguridad y mantenimiento,0,"ITC-BT-05, punto 4: se indica que las inspecciones podrán ser iniciales (antes de la puesta en servicio) y periódicas.",ITC-BT-05
"Según el REBT, las instalaciones eléctricas que precisen proyecto deberán ser objeto de inspección inicial cuando:",Su potencia instalada sea superior a 100 kW (correcta),Su potencia instalada sea superior a 50 kW,Superen los 10 circuitos independientes,Sean de uso doméstico con más de 25 receptores,0,"ITC-BT-05, punto 4.1.a: instalaciones industriales que precisen proyecto con potencia instalada superior a 100 kW serán objeto de inspección inicial.",ITC-BT-05
"Según el REBT, serán objeto de inspección inicial los locales de pública concurrencia:",Cualquiera que sea su potencia instalada (correcta),Solo si superan 50 kW de potencia,Siempre que estén destinados a uso industrial,Cuando dispongan de más de 100 luminarias,0,"ITC-BT-05, punto 4.1.b: se incluyen los locales de pública concurrencia, sin condicionarlo a una potencia mínima.",ITC-BT-05
"Según el REBT, en locales con riesgo de incendio o explosión de clase I no será exigible inspección inicial cuando se trate de:",Aparcamientos o estacionamientos de menos de 25 plazas (correcta),Locales de almacenamiento de combustibles,Talleres mecánicos con atmósfera explosiva,Zonas de carga de baterías industriales,0,"ITC-BT-05, punto 4.1.c: se citan los locales con riesgo de incendio o explosión de clase I, excepto aparcamientos o estacionamientos de menos de 25 plazas.",ITC-BT-05
"Según el REBT, las instalaciones en locales mojados deberán someterse a inspección inicial cuando su potencia instalada sea superior a:",10 kW,15 kW,20 kW,25 kW (correcta),3,"ITC-BT-05, punto 4.1.d: locales mojados con potencia instalada superior a 25 kW.",ITC-BT-05
"Según el REBT, las piscinas deberán ser objeto de inspección inicial cuando su potencia instalada sea superior a:",5 kW,10 kW (correcta),15 kW,20 kW,1,"ITC-BT-05, punto 4.1.e: piscinas con potencia instalada superior a 10 kW.",ITC-BT-05
"Según el REBT, las instalaciones de alumbrado exterior deberán someterse a inspección inicial cuando la potencia instalada supere:",2 kW,3 kW,5 kW (correcta),"7,5 kW",2,"ITC-BT-05, punto 4.1.k: instalaciones de alumbrado exterior con potencia instalada superior a 5 kW.",ITC-BT-05
"Según el REBT, las instalaciones de recarga de vehículos eléctricos deberán ser objeto de inspección inicial cuando:",Requieran proyecto para su ejecución (correcta),Dispongan de más de 10 puntos de recarga,Superen 50 kW de potencia total,Sean de acceso público,0,"ITC-BT-05, punto 4.1.h: instalaciones de estaciones de recarga para vehículo eléctrico que requieran elaboración de proyecto.",ITC-BT-05
"Según el REBT, las instalaciones que precisaron inspección inicial deberán someterse a inspecciones periódicas cada:",3 años,5 años (correcta),10 años,15 años,1,"ITC-BT-05, punto 4.2: las instalaciones que precisaron inspección inicial serán objeto de inspecciones periódicas cada 5 años.",ITC-BT-05
"Según el REBT, las instalaciones comunes de edificios de viviendas con potencia total instalada superior a 100 kW deberán someterse a inspección periódica cada:",5 años,8 años,10 años (correcta),15 años,2,"ITC-BT-05, punto 4.2: las comunes de edificios de viviendas de potencia total instalada superior a 100 kW cada 10 años.",ITC-BT-05
"Según el REBT, los resultados de las inspecciones deberán documentarse en un:",Certificado de inspección emitido por el Organismo de Control (correcta),Informe técnico del titular de la instalación,Parte de mantenimiento anual,Certificado de instalación emitido por la empresa instaladora,0,"ITC-BT-05, punto 5.2: como resultado de la inspección el Organismo de Control emitirá un Certificado de Inspección.",ITC-BT-05
"Según el REBT, el certificado de inspección deberá incluir:",Los datos de identificación de la instalación y la relación de defectos detectados (correcta),La potencia máxima contratada y los consumos anuales,El coste económico de las deficiencias detectadas,Las firmas de todos los trabajadores de la instalación,0,"ITC-BT-05, punto 5.2: el Certificado de Inspección recogerá los datos de identificación de la instalación, la relación de defectos con su clasificación y la calificación de la instalación.",ITC-BT-05
"Según el REBT, se considerará que una instalación es favorable cuando:",No se determine ningún defecto muy grave o grave (correcta),Solo existan defectos graves corregibles,No haya defectos leves pendientes,Exista un defecto grave corregido antes del acta final,0,"ITC-BT-05, punto 5.2.1: calificación favorable cuando no se determine la existencia de ningún defecto muy grave o grave.",ITC-BT-05
"Según el REBT, los defectos leves deberán ser subsanados:",Antes de la próxima inspección periódica (correcta),En un plazo máximo de seis meses,En un plazo de treinta días,Antes de la puesta en servicio de la instalación,0,"ITC-BT-05, punto 5.2.1: los defectos leves se anotan para constancia del titular, con la indicación de que deberá poner los medios para subsanarlos antes de la próxima inspección.",ITC-BT-05
"Según el REBT, los defectos muy graves implican:",Riesgo inmediato para las personas o los bienes (correcta),Solo deficiencias administrativas,Falta de señalización en cuadros eléctricos,Error en el cálculo de la potencia contratada,0,"ITC-BT-05, punto 6.1: defecto muy grave es aquel que constituye un peligro inmediato para la seguridad de las personas o los bienes.",ITC-BT-05
"Según el REBT, la finalidad de las inspecciones es:",Asegurar que se cumple el Reglamento a lo largo de la vida de la instalación (correcta),Valorar económicamente los daños por defectos,Actualizar los datos de registro de instaladores,Comprobar los consumos energéticos del usuario,0,"ITC-BT-05, punto 4: las instalaciones de especial relevancia deberán ser objeto de inspección para asegurar, en la medida de lo posible, el cumplimiento reglamentario a lo largo de su vida.",ITC-BT-05
"Según el REBT, la primera letra del código de un esquema de distribución indica:",La situación de la alimentación con respecto a tierra (correcta),La disposición del neutro en el cuadro general,La protección frente a contactos indirectos,La forma de conexión del conductor de protección,0,"ITC-BT-08, apartado 1: bajo el epígrafe 'Primera letra', se indica que se refiere a la situación de la alimentación con respecto a tierra.",ITC-BT-08
"Según el REBT, la letra 'T' en la primera posición del código del esquema significa:",Conexión directa de un punto de la alimentación a tierra (correcta),Aislamiento de la alimentación respecto a tierra,Masas conectadas directamente al neutro,Neutro puesto a tierra a través de una impedancia,0,"ITC-BT-08, apartado 1: en la definición de la primera letra, indica 'T = Conexión directa de un punto de la alimentación a tierra'.",ITC-BT-08
"Según el REBT, la letra 'I' en la primera posición del código indica:",Aislamiento de todas las partes activas de la alimentación respecto a tierra o conexión a tierra mediante impedancia (correcta),Masas conectadas directamente al punto neutro de la alimentación,Sistema interconectado de neutros y tierras,Instalación interior sin conductor de protección,0,"ITC-BT-08, apartado 1: para la primera letra, 'I = Aislamiento de todas las partes activas de la alimentación con respecto a tierra o conexión de un punto a tierra a través de una impedancia'.",ITC-BT-08
"Según el REBT, la segunda letra del código de un esquema se refiere a:",La situación de las masas de la instalación receptora respecto a tierra (correcta),El tipo de aislamiento de los conductores,La protección frente a sobretensiones,El número de conductores activos del sistema,0,"ITC-BT-08, apartado 1: bajo 'Segunda letra' se indica que se refiere a la situación de las masas de la instalación receptora con respecto a tierra.",ITC-BT-08
"Según el REBT, la letra 'N' en la segunda posición del código indica:",Masas conectadas directamente al punto de la alimentación puesto a tierra (correcta),Masas conectadas a tierra independiente del neutro,Masas conectadas mediante una impedancia de tierra,Masas sin conexión a tierra directa,0,"ITC-BT-08, apartado 1, 'Segunda letra': 'N = Masas conectadas directamente al punto de la alimentación puesto a tierra (en corriente alterna, este punto es normalmente el punto neutro)'.",ITC-BT-08
"Según el REBT, la letra 'S' añadida al código significa:",Conductor de neutro y conductor de protección separados (correcta),Neutro y protección combinados en un solo conductor,Sistema con doble puesta a tierra,Instalación sin neutro accesible,0,"ITC-BT-08, apartado 1, 'Otras letras': 'S = Las funciones de neutro y de protección, aseguradas por conductores separados'.",ITC-BT-08
"Según el REBT, la letra 'C' añadida al código significa:",Neutro y protección combinados en un solo conductor (conductor CPN) (correcta),Conductor de control común para fases y neutro,Sistema con neutro desconectable,Conexión a tierra con resistencia controlada,0,"ITC-BT-08, apartado 1, 'Otras letras': 'C = Las funciones de neutro y de protección, combinadas en un solo conductor (conductor CPN)'.",ITC-BT-08
"Según el REBT, en el esquema TN las masas están conectadas:",Al punto de la alimentación puesto a tierra (correcta),A una toma de tierra independiente del neutro,A través de una impedancia de protección,A una tierra común con el sistema IT,0,"ITC-BT-08, apartado 1.1 Esquema TN: los esquemas TN tienen un punto de la alimentación conectado directamente a tierra y 'las masas de la instalación receptora conectadas a dicho punto mediante conductores de protección'.",ITC-BT-08
"Según el REBT, en el esquema TN-C las funciones de neutro y protección:",Se combinan en un solo conductor denominado CPN (correcta),Se separan en toda la instalación,Se aíslan del neutro de la red,Se conectan mediante transformador de aislamiento,0,"ITC-BT-08, apartado 1.1: define el esquema TN-C como aquel 'en el que las funciones de neutro y protección están combinados en un solo conductor en todo el esquema'; y en la definición de la letra C se indica que es el conductor CPN.",ITC-BT-08
"Según el REBT, en el esquema TN-S las funciones de neutro y protección:",Se aseguran mediante conductores separados (correcta),Se combinan en un único conductor hasta el receptor,No requieren conexión equipotencial,Se conectan a tierra a través de impedancia,0,"ITC-BT-08, apartado 1.1: define el esquema TN-S como aquel 'en el que el conductor neutro y el de protección son distintos en todo el esquema'.",ITC-BT-08
"Según el REBT, en el esquema TT las masas de la instalación están:",Conectadas directamente a una toma de tierra independiente de la alimentación (correcta),Unidas al neutro de la red de distribución,Aisladas completamente de tierra,Conectadas al conductor de protección del generador,0,"ITC-BT-08, apartado 1.2 Esquema TT: 'Las masas de la instalación receptora están conectadas a una toma de tierra separada de la toma de tierra de la alimentación'.",ITC-BT-08
"Según el REBT, en el esquema IT las masas están conectadas:",A una toma de tierra propia de la instalación receptora (correcta),Directamente al punto neutro de la red,A una impedancia común con el neutro,A una red equipotencial flotante,0,"ITC-BT-08, apartado 1.3 Esquema IT: 'Las masas de la instalación receptora están puestas directamente a tierra'.",ITC-BT-08
"Según el REBT, en el esquema IT, respecto al neutro de la instalación:",Se recomienda no distribuir el neutro (correcta),Debe estar siempre conectado directamente a tierra,Debe estar siempre aislado de cualquier puesta a tierra,Debe conectarse a tierra mediante resistencia de 5 Ω,0,"ITC-BT-08, apartado 1.3 Esquema IT: después de describir la limitación de la intensidad de defecto, se indica expresamente que 'En este tipo de esquema se recomienda no distribuir el neutro'.",ITC-BT-08
"Según el REBT, el esquema más utilizado para instalaciones receptoras alimentadas directamente desde redes de distribución pública de baja tensión es:",TN,TN-S,TT (correcta),IT,2,"ITC-BT-08, apartado 1.4, letra a): se indica que las redes de distribución pública de baja tensión tienen el neutro puesto a tierra y que 'el esquema de distribución para instalaciones receptoras alimentadas directamente de una red de distribución pública de baja tensión es el esquema TT'.",ITC-BT-08
"Según el REBT, el esquema TT se aplica habitualmente en:",Redes de distribución públicas y suministros individuales (correcta),Sistemas trifásicos sin neutro,Instalaciones de potencia superior a 1 kV,Redes subterráneas con conductor neutro aislado,0,"ITC-BT-08, apartado 1.4 a): al hablar de redes de distribución pública de baja tensión y de las instalaciones receptoras alimentadas directamente de ellas, se establece que el esquema de distribución es el TT; de ahí que se aplique en los suministros individuales conectados a estas redes.",ITC-BT-08
"Según el REBT, en el esquema TN la corriente de defecto regresa a la fuente a través de:",El conductor de protección o del neutro puesto a tierra (correcta),El terreno circundante,Una impedancia de fuga,Un transformador de aislamiento,0,"ITC-BT-08, apartado 1.1: se indica que en los esquemas TN cualquier intensidad de defecto franco fase-masa es una intensidad de cortocircuito y que el bucle de defecto está constituido exclusivamente por elementos conductores metálicos. Esto implica que la corriente de defecto vuelve a la fuente por los conductores de protección y/o neutro puestos a tierra, sin pasar por el terreno.",ITC-BT-08
"Según el REBT, en el esquema IT la corriente de defecto tiene un valor:","Muy reducido, limitado por la alta impedancia de puesta a tierra del sistema (correcta)",Elevado debido a la baja resistencia del neutro,Igual al de un cortocircuito entre fases,Variable según la carga conectada,0,"ITC-BT-08, apartado 1.3: se establece que en el esquema IT la intensidad resultante de un primer defecto fase-masa o fase-tierra tiene un valor suficientemente reducido para no provocar tensiones de contacto peligrosas, y que dicha limitación se obtiene por ausencia de conexión a tierra o por la inserción de una impedancia suficiente entre la alimentación y tierra.",ITC-BT-08
"Según el REBT, para aplicar el esquema TN en redes de distribución la sección del conductor neutro debe ser:","Como mínimo la indicada en la tabla 1, en función de la sección de los conductores de fase (correcta)",Siempre igual a la sección de fase,La mitad de la sección de los conductores de fase,"Indiferente, ya que solo se usa como conductor de protección",0,"ITC-BT-08, apartado 2, prescripción a): 'La sección del conductor neutro debe, en todo su recorrido, ser como mínimo igual a la indicada en la tabla siguiente, en función de la sección de los conductores de fase.'",ITC-BT-08
"Según el REBT, en el esquema TN la resistencia de tierra del neutro no será superior a:",5 Ω en la proximidad del centro y 2 Ω global (correcta),10 Ω en la proximidad del centro,2 Ω en todos los puntos de la red,1 Ω en cualquier punto de la instalación,0,"ITC-BT-08, apartado 2, prescripciones d) y e): la resistencia de tierra del neutro no será superior a 5 Ω en las proximidades de la central generadora o del centro de transformación y en los 200 últimos metros de cualquier derivación, y la resistencia global de todas las tomas de tierra del neutro no será superior a 2 Ω.",ITC-BT-08
"Según el REBT, las instalaciones de alumbrado exterior se aplican a la iluminación de:","Autopistas, calles, plazas, parques y zonas análogas (correcta)",Locales de pública concurrencia,Interiores de edificios industriales,Fachadas interiores de viviendas,0,"ITC-BT-09, punto 1 (Campo de aplicación): se indica que esta instrucción se aplicará a instalaciones de alumbrado exterior destinadas a iluminar autopistas, carreteras, calles, plazas, parques, jardines, pasos elevados o subterráneos, caminos, etc.",ITC-BT-09
"Según el REBT, se incluyen también en el alumbrado exterior las instalaciones destinadas a:","Cabinas telefónicas, anuncios publicitarios y monumentos (correcta)",Piscinas y fuentes ornamentales,Balizas autónomas,Semáforos de tráfico,0,"ITC-BT-09, punto 1 (Campo de aplicación): se incluyen las instalaciones de alumbrado para cabinas telefónicas, anuncios publicitarios, mobiliario urbano en general, monumentos o similares y todos los receptores que se conecten a la red de alumbrado exterior.",ITC-BT-09
"Según el REBT, se excluyen del ámbito de aplicación de esta instrucción las instalaciones de:","Fuentes, piscinas, semáforos y balizas autónomas (correcta)",Parques públicos y jardines,Pasos subterráneos y elevados,Calles y plazas,0,"ITC-BT-09, punto 1 (Campo de aplicación): se excluyen la instalación para la iluminación de fuentes y piscinas y las de los semáforos y las balizas cuando sean completamente autónomos.",ITC-BT-09
"Según el REBT, la acometida de las instalaciones de alumbrado exterior podrá ser:",Subterránea o aérea con cables aislados (correcta),Solo aérea con cables desnudos,Por canalización empotrada exclusivamente,Mediante cable coaxial protegido,0,"ITC-BT-09, punto 2 (Acometidas): se indica que la acometida podrá ser subterránea o aérea con cables aislados y se realizará según las prescripciones particulares de la compañía suministradora.",ITC-BT-09
"Según el REBT, la potencia aparente mínima en VA se considerará:","1,8 veces la potencia en vatios de las lámparas o tubos de descarga (correcta)",Igual a la potencia en vatios de las lámparas,"1,5 veces la potencia nominal de la instalación",El doble de la potencia reactiva de los equipos,0,"ITC-BT-09, punto 3 (Dimensionamiento de las instalaciones): se establece que la potencia aparente mínima en VA se considerará 1,8 veces la potencia en vatios de las lámparas o tubos de descarga.",ITC-BT-09
"Según el REBT, el factor de potencia de cada punto de luz deberá corregirse hasta un valor:","Mayor o igual a 0,90 (correcta)","Igual a 0,80","No inferior a 0,85","Exactamente 1,00",0,"ITC-BT-09, punto 3: se indica que el factor de potencia de cada punto de luz deberá corregirse hasta un valor mayor o igual a 0,90.",ITC-BT-09
"Según el REBT, la máxima caída de tensión entre el origen y cualquier punto de la instalación será menor o igual que:",1 %,2 %,3 % (correcta),5 %,2,"ITC-BT-09, punto 3: se establece que la máxima caída de tensión entre el origen de la instalación y cualquier otro punto será menor o igual que el 3 %.",ITC-BT-09
"Según el REBT, con el fin de conseguir ahorros energéticos, las instalaciones se proyectarán:",Con distintos niveles de iluminación que decrezcan en horas de menor necesidad (correcta),Con iluminación constante durante toda la noche,Sin regulación de flujo luminoso,Solo con sistemas de encendido manual,0,"ITC-BT-09, punto 3: se indica que, para conseguir ahorros energéticos, las instalaciones de alumbrado público se proyectarán con distintos niveles de iluminación, de forma que ésta decrezca durante las horas de menor necesidad.",ITC-BT-09
"Según el REBT, la intensidad máxima de defecto para los diferenciales en alumbrado exterior será de:",300 mA (correcta),30 mA,100 mA,10 A,0,"ITC-BT-09, punto 4 (Cuadros de protección, medida y control): se establece que la intensidad de defecto, umbral de desconexión de los interruptores diferenciales, será como máximo de 300 mA.",ITC-BT-09
"Según el REBT, se admitirán diferenciales de hasta 500 mA o 1 A cuando la resistencia de tierra sea:",≤ 5 Ω y ≤ 1 Ω respectivamente (correcta),≤ 10 Ω y ≤ 2 Ω respectivamente,≤ 15 Ω y ≤ 3 Ω respectivamente,≤ 20 Ω y ≤ 5 Ω respectivamente,0,"ITC-BT-09, punto 4: se admite el uso de interruptores diferenciales de 500 mA o 1 A siempre que la resistencia de puesta a tierra medida en la puesta en servicio sea ≤ 5 Ω y ≤ 1 Ω respectivamente.",ITC-BT-09
"Según el REBT, la envolvente del cuadro de protección y control tendrá un grado de protección mínimo:",IP55 e IK10 (correcta),IP44 e IK08,IP54 e IK08,IP65 e IK10,0,"ITC-BT-09, punto 4: se indica que la envolvente del cuadro proporcionará un grado de protección mínimo IP55 según UNE 20.324 e IK10 según UNE-EN 50.102.",ITC-BT-09
"Según el REBT, los cables de alimentación deberán tener conductores de:","Cobre y tensión asignada 0,6/1 kV (correcta)","Aluminio y tensión 1,1 kV",Cobre y tensión 450/750 V,"Aluminio y tensión 0,4/0,8 kV",0,"ITC-BT-09, punto 5.1 (Cables): se establece que los cables serán multipolares o unipolares con conductores de cobre y tensión asignada de 0,6/1 kV.",ITC-BT-09
"Según el REBT, en redes subterráneas los tubos irán enterrados a una profundidad mínima de:","0,3 m","0,4 m (correcta)","0,5 m","0,6 m",1,"ITC-BT-09, punto 5.2.1 (Redes subterráneas): se indica que los tubos irán enterrados a una profundidad mínima de 0,4 m desde la cota inferior del tubo al nivel del suelo.",ITC-BT-09
"Según el REBT, la cinta de señalización se colocará a una distancia mínima del nivel del suelo de:","0,10 m (correcta)","0,20 m","0,25 m","0,30 m",0,"ITC-BT-09, punto 5.2.1: se establece que se colocará una cinta de señalización situada a una distancia mínima del nivel del suelo de 0,10 m y a 0,25 m por encima del tubo.",ITC-BT-09
"Según el REBT, la sección mínima de los conductores de alumbrado exterior subterráneos será de:",4 mm²,6 mm² (correcta),10 mm²,16 mm²,1,"ITC-BT-09, punto 5.2.1: se fija que la sección mínima a emplear en los conductores de los cables, incluido el neutro, será de 6 mm².",ITC-BT-09
"Según el REBT, los soportes de las luminarias deben resistir las solicitaciones mecánicas con un coeficiente de seguridad no inferior a:",2,"2,5 (correcta)",3,"3,5",0,"ITC-BT-09, punto 6.1 (Características de los soportes): se indica que se dimensionarán para resistir las solicitaciones mecánicas, particularmente la acción del viento, con un coeficiente de seguridad no inferior a 2,5.",ITC-BT-09
"Según el REBT, la puerta o trampilla de los soportes tendrá un grado de protección mínimo:",IP44 e IK10 (correcta),IP55 e IK08,IP54 e IK08,IP65 e IK10,0,"ITC-BT-09, punto 6.1: se establece que la puerta o trampilla tendrá un grado de protección IP44 según UNE 20.324 (EN 60529) e IK10 según UNE-EN 50.102.",ITC-BT-09
"Según el REBT, la suspensión de luminarias se hará mediante cables de acero con un coeficiente de seguridad no inferior a:","2,5",3,"3,5 (correcta)",4,1,"ITC-BT-09, punto 7.2 (Instalación eléctrica de luminarias suspendidas): se indica que la suspensión se hará mediante cables de acero protegidos contra la corrosión con coeficiente de seguridad no inferior a 3,5.",ITC-BT-09
"Según el REBT, los equipos eléctricos para montaje exterior poseerán un grado de protección mínimo:",IP54 e IK8 (correcta),IP55 e IK10,IP44 e IK10,IP65 e IK8,0,"ITC-BT-09, punto 8 (Equipos eléctricos de los puntos de luz): se señala que los equipos eléctricos para montaje exterior poseerán un grado de protección mínima IP54 según UNE 20.324 e IK 8 según UNE-EN 50.102.",ITC-BT-09
"Según el REBT, la puesta a tierra de los soportes se realizará por conexión a:",Una red de tierra común para todas las líneas que partan del mismo cuadro (correcta),Un electrodo independiente por cada soporte,La estructura metálica del alumbrado,El neutro de la instalación,0,"ITC-BT-09, punto 10 (Puestas a tierra): se establece que la puesta a tierra de los soportes se realizará por conexión a una red de tierra común para todas las líneas que partan del mismo cuadro de protección, medida y control.",ITC-BT-09
"Según el REBT, los lugares de consumo se clasifican, entre otros, en:","Edificios destinados principalmente a viviendas, edificios comerciales u oficinas, edificios destinados a una industria específica, edificios destinados a una concentración de industrias y aparcamientos con infraestructura de recarga de vehículos eléctricos (correcta)",Viviendas unifamiliares y plurifamiliares exclusivamente,Locales de pública concurrencia y centros docentes,Polígonos industriales y parques tecnológicos únicamente,0,"ITC-BT-10, punto 1: se establece la clasificación de los lugares de consumo e incluye edificios destinados principalmente a viviendas, edificios comerciales o de oficinas, edificios destinados a una industria específica, edificios destinados a una concentración de industrias y aparcamientos dotados de infraestructura para la recarga de vehículos eléctricos.",ITC-BT-10
"Según el REBT, la electrificación básica es la necesaria para:",Cubrir las necesidades primarias sin obras posteriores y permitir el uso de aparatos eléctricos de uso común (correcta),Instalar sistemas de climatización eléctrica en toda vivienda,Superficies útiles de vivienda superiores a 160 m²,Viviendas con instalación de recarga de vehículo eléctrico,0,"ITC-BT-10, punto 2.1.1 Electrificación básica: se define como la necesaria para la cobertura de las posibles necesidades de utilización primarias sin necesidad de obras posteriores de adecuación y que debe permitir la utilización de los aparatos eléctricos de uso común en una vivienda.",ITC-BT-10
"Según el REBT, tendrán electrificación elevada las viviendas con:","Previsión de uso de más electrodomésticos que la básica o con calefacción/aire acondicionado, o superficie útil > 160 m², o con instalación de recarga de vehículo eléctrico en unifamiliares (correcta)",Únicamente superficies útiles superiores a 120 m²,Instalación de telecomunicaciones avanzada,Iluminación LED en todas las estancias,0,"ITC-BT-10, punto 2.1.2 Electrificación elevada: se refiere a viviendas con previsión de utilización de aparatos electrodomésticos superior a la básica, o con sistemas de calefacción eléctrica o acondicionamiento de aire, o con superficies útiles superiores a 160 m², o con una instalación para la recarga del vehículo eléctrico en viviendas unifamiliares, o cualquier combinación de estos casos.",ITC-BT-10
"Según el REBT, en nuevas construcciones la potencia a prever por vivienda no será inferior a:",5 750 W a 230 V (correcta),4 600 W a 230 V,6 000 W a 230 V,7 360 W a 230 V,0,"ITC-BT-10, punto 2.2 Previsión de la potencia: indica que, para nuevas construcciones, la potencia a prever en cada vivienda no será inferior a 5 750 W a 230 V.",ITC-BT-10
"Según el REBT, en viviendas con electrificación elevada, la potencia a prever no será inferior a:",7 360 W,9 200 W (correcta),10 350 W,14 490 W,1,"ITC-BT-10, punto 2.2: para las viviendas con grado de electrificación elevada, la potencia a prever no será inferior a 9 200 W.",ITC-BT-10
"Según el REBT, la potencia a prever en una vivienda se corresponde con:","La capacidad máxima definida por la intensidad asignada del IGA, según ITC-BT-25 (correcta)",La potencia inicialmente contratada por el usuario,La suma de potencias de los receptores instalados,El valor que indique la empresa instaladora,0,"ITC-BT-10, punto 2.2: en todos los casos, la potencia a prever se corresponderá con la capacidad máxima de la instalación, definida por la intensidad asignada del interruptor general automático, según se indica en la ITC-BT-25.",ITC-BT-10
"Según el REBT, la carga correspondiente a un conjunto de viviendas se obtiene:",Multiplicando la media aritmética de las potencias máximas previstas por el coeficiente de simultaneidad de la tabla 1 (correcta),Sumando todas las potencias máximas previstas sin reducción,Tomando el máximo entre todas las potencias individuales,"Aplicando un coeficiente fijo del 0,5 a la suma de potencias",0,"ITC-BT-10, punto 3.1: la carga correspondiente a un conjunto de viviendas se obtiene multiplicando la media aritmética de las potencias máximas previstas en cada vivienda por el coeficiente de simultaneidad indicado en la tabla 1, según el número de viviendas.",ITC-BT-10
"Según el REBT, para edificios con tarifa nocturna, la simultaneidad en viviendas será:",Igual al número de viviendas (coeficiente = n.º de viviendas) (correcta),Constante e igual a 10,La mitad del número de viviendas,La de la tabla 1 menos una vivienda,0,"ITC-BT-10, punto 3.1, nota bajo la tabla 1: para edificios cuya instalación esté prevista para la aplicación de la tarifa nocturna, la simultaneidad será 1, es decir, coeficiente de simultaneidad igual al número de viviendas.",ITC-BT-10
"Según el REBT, para n > 21 viviendas, el coeficiente de simultaneidad de la tabla 1 es:","15,3 + (n − 21) · 0,5 (correcta)","15,0 + (n − 21) · 0,3","10,6 + (n − 15) · 0,7",n / 2,0,"ITC-BT-10, tabla 1 (Coeficiente de simultaneidad según el número de viviendas): para n > 21 viviendas, el coeficiente viene dado por la expresión 15,3 + (n − 21) · 0,5.",ITC-BT-10
"Según el REBT, la carga de los servicios generales del edificio será:","La suma de las potencias previstas (ascensores, centrales, alumbrado de comunes, etc.) con factor de simultaneidad 1 (correcta)",La mitad de la suma de las potencias previstas,"La potencia del ascensor multiplicada por 1,8",La potencia del alumbrado de escalera más el 10 % del resto,0,"ITC-BT-10, punto 3.2: la carga correspondiente a los servicios generales será la suma de la potencia prevista en ascensores, aparatos elevadores, centrales de calor y frío, grupos de presión, alumbrado de portal, caja de escalera, espacios comunes y demás servicios generales, sin aplicar ningún factor de reducción por simultaneidad (factor de simultaneidad = 1).",ITC-BT-10
"Según el REBT, en locales comerciales y oficinas integrados en el edificio de viviendas se considerará:","Mínimo 100 W/m² y planta, con mínimo por local de 3450 W a 230 V y coeficiente 1 (correcta)","Mínimo 50 W/m², sin mínimo por local","Mínimo 125 W/m² y planta, con mínimo 10 350 W",Solo la potencia de iluminación instalada,0,"ITC-BT-10, punto 3.3: la carga correspondiente a los locales comerciales y oficinas se calcula considerando un mínimo de 100 W por metro cuadrado y planta, con un mínimo por local de 3450 W a 230 V y coeficiente de simultaneidad 1.",ITC-BT-10
"Según el REBT, la carga de garajes integrados se calculará considerando:","10 W/m² y planta para ventilación natural y 20 W/m² para ventilación forzada, con mínimo 3 450 W a 230 V y coeficiente 1 (correcta)","5 W/m² y planta, sin mínimos","15 W/m² y planta, con mínimo 9 200 W","Únicamente 100 W/m², coeficiente 1",0,"ITC-BT-10, punto 3.4: la carga de los garajes se calcula con un mínimo de 10 W por metro cuadrado y planta para garajes de ventilación natural y de 20 W para los de ventilación forzada, con un mínimo de 3 450 W a 230 V y coeficiente de simultaneidad 1.",ITC-BT-10
"Según el REBT, en edificios comerciales u oficinas (no preferentemente viviendas) la carga a prever será, como mínimo:","100 W/m² y planta, con mínimo por local de 3 450 W a 230 V y coeficiente 1 (correcta)",50 W/m² sin mínimos,125 W/m² y planta con mínimo 10 350 W,3 680 W por local,0,"ITC-BT-10, punto 4.1: en edificios comerciales o de oficinas, la carga mínima se calcula con 100 W por metro cuadrado y planta, con un mínimo por local de 3 450 W a 230 V y coeficiente de simultaneidad 1.",ITC-BT-10
"Según el REBT, en edificios destinados a concentración de industrias, la carga mínima a prever será:","125 W/m² y planta, con mínimo por local de 10 350 W a 230 V y coeficiente 1 (correcta)",100 W/m² con mínimo 3 450 W,75 W/m² sin mínimos,"200 W/m² con coeficiente 0,8",0,"ITC-BT-10, punto 4.2: para edificios destinados a concentración de industrias se considera un mínimo de 125 W por metro cuadrado y planta, con un mínimo por local de 10 350 W a 230 V y coeficiente de simultaneidad 1.",ITC-BT-10
"Según el REBT, en viviendas unifamiliares con infraestructura para recarga de VE se considerará:",Grado de electrificación elevado (correcta),Electrificación básica con 5 750 W,Solo aumentar el coeficiente de simultaneidad,Un mínimo de 3 680 W adicional por vivienda sin más,0,"ITC-BT-10, punto 5.1: para la previsión de cargas de viviendas unifamiliares dotadas de infraestructura para la recarga de vehículos eléctricos se considerará grado de electrificación elevado.",ITC-BT-10
"Según el REBT, en aparcamientos colectivos en propiedad horizontal la previsión de cargas para VE se calcula:",Multiplicando 3.680 W por el 10 % de las plazas construidas; la suma se multiplica por el factor de simultaneidad y se añade al resto según el esquema y la ITC-BT-52 (correcta),Sumando 3.680 W por cada plaza construida,Tomando 10 % de la potencia total del edificio,Aplicando 100 W/m² de la superficie de parking,0,"ITC-BT-10, punto 5.2: la previsión de cargas para la recarga de vehículos eléctricos en aparcamientos colectivos se obtiene multiplicando 3 680 W por el 10 % del total de plazas de aparcamiento construidas; la suma de estas potencias se multiplica por el factor de simultaneidad correspondiente y se suma a la previsión de potencia del resto de la instalación, según el esquema y lo establecido en la ITC-BT-52.",ITC-BT-10
"Según el REBT, el proyectista podrá prever una potencia instalada mayor para VE cuando:",Disponga de datos que lo justifiquen (correcta),Lo exija la empresa instaladora,"Siempre, sin justificación",El promotor declare uso esporádico,0,"ITC-BT-10, punto 5.2 (párrafo final): se indica que el proyectista podrá prever una potencia instalada mayor cuando disponga de los datos que lo justifiquen.",ITC-BT-10
"Según el REBT, las empresas distribuidoras estarán obligadas, si lo solicita el cliente, a efectuar el suministro monofásico que permita:","El funcionamiento de cualquier receptor ≤ 5 750 W a 230 V, hasta un suministro máximo de 14 490 W a 230 V (correcta)",El funcionamiento hasta 9 200 W por circuito,Solo receptores de hasta 3 450 W,Cargas monofásicas de 16 A máximo,0,"ITC-BT-10, punto 7 Suministros monofásicos: las empresas distribuidoras estarán obligadas, siempre que lo solicite el cliente, a efectuar el suministro de forma que permita el funcionamiento de cualquier receptor monofásico de potencia menor o igual a 5 750 W a 230 V, hasta un suministro de potencia máxima de 14 490 W a 230 V.",ITC-BT-10
"Según el REBT, en la previsión de potencia por local comercial dentro de edificio de viviendas, el coeficiente de simultaneidad aplicable es:",1 (correcta),"0,9","0,5",El de la tabla 1 para viviendas,0,"ITC-BT-10, punto 3.3: para los locales comerciales y oficinas integrados en el edificio se indica un coeficiente de simultaneidad igual a 1.",ITC-BT-10
"Según el REBT, la carga de garajes con ventilación forzada, a efectos de previsión, se toma con:","20 W/m² y planta, mínimo 3 450 W a 230 V y coeficiente 1 (correcta)","10 W/m² y planta, sin mínimo","100 W/m² y coeficiente 0,8","125 W/m², mínimo 10 350 W",0,"ITC-BT-10, punto 3.4: para garajes de ventilación forzada se considera un mínimo de 20 W por metro cuadrado y planta, con un mínimo de 3 450 W a 230 V y coeficiente de simultaneidad 1.",ITC-BT-10
"Según el REBT, se denominan instalaciones de enlace aquellas que unen:",La caja general de protección con las instalaciones interiores o receptoras del usuario (correcta),El cuadro general del usuario con la red de distribución pública,El contador con la derivación individual,El interruptor general automático con el transformador de compañía,0,"ITC-BT-12, punto 1.1 Definición: “Se denominan instalaciones de enlace, aquellas que unen la caja general de protección [...] con las instalaciones interiores o receptoras del usuario.”",ITC-BT-12
"Según el REBT, las instalaciones de enlace comienzan en:",El final de la acometida (correcta),El contador del usuario,La derivación individual,El cuadro de mando y protección,0,"ITC-BT-12, punto 1.1: “Comenzarán, por tanto, en el final de la acometida…”",ITC-BT-12
"Según el REBT, las instalaciones de enlace terminan en:",Los dispositivos generales de mando y protección (correcta),El contador del usuario,La caja de derivación general,El cuadro secundario de alumbrado,0,"ITC-BT-12, punto 1.1: “…y terminarán en los dispositivos generales de mando y protección.”",ITC-BT-12
"Según el REBT, las instalaciones de enlace se situarán y discurrirán siempre por:",Lugares de uso común (correcta),Canalizaciones interiores del usuario,Locales de pública concurrencia,Recorridos interiores privados,0,"ITC-BT-12, punto 1.1: “Estas instalaciones se situarán y discurrirán siempre por lugares de uso común…”",ITC-BT-12
"Según el REBT, las instalaciones de enlace quedarán en propiedad de:","El usuario, que será responsable de su conservación y mantenimiento (correcta)",La empresa distribuidora,El promotor del edificio,El ayuntamiento correspondiente,0,"ITC-BT-12, punto 1.1: “…y quedarán de propiedad del usuario, que se responsabilizará de su conservación y mantenimiento.”",ITC-BT-12
"Según el REBT, forman parte de las instalaciones de enlace:","Caja general de protección, línea general de alimentación, elementos para contadores, derivación individual, caja ICP y dispositivos generales de mando y protección (correcta)","Derivación individual, cuadro principal y alumbrado de emergencia","Caja general de protección, cuadro general del usuario y red interior",Solo la línea general de alimentación y la derivación individual,0,"ITC-BT-12, punto 1.2: lista exactamente estos seis elementos como partes de las instalaciones de enlace.",ITC-BT-12
"Según el REBT, la línea general de alimentación (LGA) forma parte de:",Las instalaciones de enlace (correcta),La acometida,Las instalaciones interiores del usuario,Los servicios generales del edificio,0,"ITC-BT-12, punto 1.2: La LGA aparece incluida en la lista de partes que constituyen las instalaciones de enlace.",ITC-BT-12
"Según el REBT, en los esquemas de enlace la red de distribución se representa con el número:",1 (correcta),2,3,4,0,"ITC-BT-12, Leyenda: el número 1 corresponde a 'Red de distribución'.",ITC-BT-12
"Según el REBT, en los esquemas de enlace la acometida se representa con el número:",2 (correcta),3,4,5,0,"ITC-BT-12, Leyenda: el número 2 corresponde a 'Acometida'.",ITC-BT-12
"Según el REBT, el número que identifica la caja general de protección en la leyenda de esquemas es:",3 (correcta),4,5,6,0,"ITC-BT-12, Leyenda: el número 3 corresponde a 'Caja general de protección'.",ITC-BT-12
"Según el REBT, el número que identifica la línea general de alimentación en la leyenda es:",4 (correcta),5,6,7,0,"ITC-BT-12, Leyenda: el número 4 corresponde a 'Línea general de alimentación'.",ITC-BT-12
"Según el REBT, el número que corresponde a los dispositivos generales de mando y protección es:",12 (correcta),10,8,9,0,"ITC-BT-12, Leyenda: el número 12 corresponde a 'Dispositivos generales de mando y protección'.",ITC-BT-12
"Según el REBT, el conjunto formado por la derivación individual y la instalación interior constituye:",La instalación privada (correcta),La instalación de enlace,La acometida del usuario,El circuito principal,0,"ITC-BT-12, Nota de la leyenda: “El conjunto de derivación individual e instalación interior constituye la instalación privada.”",ITC-BT-12
"Según el REBT, en el caso de un solo usuario se podrán simplificar las instalaciones de enlace porque:",Coinciden en el mismo lugar la CGP y el equipo de medida y no existe línea general de alimentación (correcta),No se requiere caja de protección ni ICP,La instalación pertenece a la empresa distribuidora,El usuario no necesita dispositivos de mando y protección,0,"ITC-BT-12, punto 2.1: explica que para un solo usuario coinciden la CGP y el equipo de medida, y no existe LGA.",ITC-BT-12
"Según el REBT, en instalaciones de un solo usuario el fusible de seguridad coincide con:",El fusible de la caja general de protección (correcta),El fusible del contador,El fusible del cuadro interior,El fusible del interruptor general automático,0,"ITC-BT-12, punto 2.1: “…el fusible de seguridad coincide con el fusible de la CGP.”",ITC-BT-12
"Según el REBT, el esquema para dos usuarios alimentados desde el mismo lugar:",Generaliza el esquema de un solo usuario y mantiene lo indicado para los fusibles de seguridad (correcta),Requiere dos líneas generales de alimentación independientes,Suprime la caja general de protección,No utiliza contadores independientes,0,"ITC-BT-12, punto 2.2.1: “El esquema 2.1 puede generalizarse… Es válido lo indicado para los fusibles de seguridad (9).”",ITC-BT-12
"Según el REBT, la colocación de contadores en forma centralizada en un lugar se utiliza normalmente en:","Conjuntos de edificación vertical u horizontal destinados a viviendas, edificios comerciales, de oficinas o concentración de industrias (correcta)",Viviendas unifamiliares aisladas,Locales de pública concurrencia,Garajes y trasteros,0,"ITC-BT-12, punto 2.2.2: indica literalmente los edificios donde se utiliza este esquema.",ITC-BT-12
"Según el REBT, la centralización de contadores en más de un lugar se utiliza cuando:",La previsión de cargas hace aconsejable disponer de más de una centralización o en varias plantas (correcta),Se trata de edificios con un solo usuario,Los contadores se instalan dentro de cada vivienda,Las cargas sean inferiores a 5 kW,0,"ITC-BT-12, punto 2.2.3: lo establece de manera literal.",ITC-BT-12
"Según el REBT, el esquema 2.2.3 podrá aplicarse también en agrupaciones de viviendas:",En distribución horizontal dentro de un recinto privado (correcta),Solo si son verticales en bloque,Únicamente si comparten un cuadro general único,Cuando tengan menos de 10 viviendas,0,"ITC-BT-12, punto 2.2.3: “…también podrá ser de aplicación en agrupaciones de viviendas en distribución horizontal dentro de un recinto privado.”",ITC-BT-12
"Según el REBT, el esquema 2.2.3 será de aplicación en centralizaciones de contadores distribuidas mediante canalizaciones prefabricadas que cumplan:",La norma UNE-EN 60.439-2 (correcta),La norma UNE 20460,La norma UNE 21123,La norma UNE-EN 50.102,0,"ITC-BT-12, punto 2.2.3: “…será de aplicación [...] mediante canalizaciones eléctricas prefabricadas, que cumplan lo establecido en la norma UNE-EN 60.439-2.”",ITC-BT-12
"Según el REBT, las cajas generales de protección son las que alojan:",Los elementos de protección de las líneas generales de alimentación (correcta),Los equipos de medida de energía eléctrica,Los dispositivos generales de mando y protección,Las conexiones de la derivación individual,0,"ITC-BT-13, apartado 1: define las cajas generales de protección como las que alojan los elementos de protección de las líneas generales de alimentación.",ITC-BT-13
"Según el REBT, las cajas generales de protección se instalarán preferentemente:",Sobre las fachadas exteriores de los edificios en lugares de libre y permanente acceso (correcta),En el interior de las viviendas,Dentro del cuadro general de mando del usuario,En los locales del transformador,0,"ITC-BT-13, apartado 1.1 Emplazamiento e instalación: indica que se instalarán preferentemente sobre las fachadas exteriores, en lugares de libre y permanente acceso.",ITC-BT-13
"Según el REBT, la situación de la caja general de protección se fijará:",De común acuerdo entre la propiedad y la empresa suministradora (correcta),Por decisión del instalador autorizado,Por el promotor de la obra,Por el ayuntamiento correspondiente,0,"ITC-BT-13, apartado 1.1: establece que su situación se fijará de común acuerdo entre la propiedad y la empresa suministradora.",ITC-BT-13
"Según el REBT, en edificios con centro de transformación interior, los fusibles del cuadro de baja tensión podrán utilizarse como:","Protección de la línea general de alimentación, desempeñando la función de caja general de protección (correcta)",Dispositivos generales de mando y protección del usuario,Protección de la derivación individual,Medida principal del suministro,0,"ITC-BT-13, apartado 1.1: indica que los fusibles del cuadro de baja tensión podrán utilizarse como protección de la LGA, haciendo de caja general de protección.",ITC-BT-13
"Según el REBT, cuando los fusibles del cuadro de baja tensión del centro de transformación actúan como caja general de protección:",La propiedad y mantenimiento serán de la empresa suministradora (correcta),El propietario del edificio asumirá su mantenimiento,El instalador autorizado será responsable de su custodia,El usuario será el único responsable de su conservación,0,"ITC-BT-13, apartado 1.1: especifica que, en este caso, la propiedad y el mantenimiento de la protección serán de la empresa suministradora.",ITC-BT-13
"Según el REBT, cuando la acometida sea aérea, las cajas generales de protección podrán instalarse:",En montaje superficial a una altura comprendida entre 3 m y 4 m sobre el suelo (correcta),A ras del suelo,A una altura mínima de 1 m,Empotradas en pared a 2 m,0,"ITC-BT-13, apartado 1.1: para acometida aérea permite instalar la CGP en montaje superficial entre 3 m y 4 m sobre el suelo.",ITC-BT-13
"Según el REBT, cuando esté previsto el paso de red aérea a subterránea, la caja general de protección se situará:",Como si se tratase de una acometida subterránea (correcta),A una altura mayor de 5 m,En el punto más alto de la fachada,Junto al cuadro de mando del usuario,0,"ITC-BT-13, apartado 1.1: establece que si se prevé paso de red aérea a subterránea, la CGP se situará como si fuera una acometida subterránea.",ITC-BT-13
"Según el REBT, cuando la acometida sea subterránea, la caja general de protección se instalará:",En un nicho en pared cerrado con una puerta preferentemente metálica (correcta),En superficie exterior protegida por armario plástico,En el interior de la vivienda más próxima,Bajo el nivel del suelo dentro de arqueta,0,"ITC-BT-13, apartado 1.1: indica que, con acometida subterránea, la CGP se instalará siempre en un nicho en pared con puerta preferentemente metálica.",ITC-BT-13
"Según el REBT, la puerta del nicho donde se ubica la caja subterránea tendrá un grado de protección mínimo:",IK10 según UNE-EN 50.102 (correcta),IK08 según UNE-EN 50.102,IK09 según UNE-EN 50.102,IP43 según UNE 20.324,0,"ITC-BT-13, apartado 1.1: exige que la puerta del nicho tenga grado de protección IK10 según UNE-EN 50.102.",ITC-BT-13
"Según el REBT, la parte inferior de la puerta del nicho deberá encontrarse:",A un mínimo de 30 cm del suelo (correcta),A 50 cm del suelo,Al nivel del suelo,A un máximo de 10 cm del suelo,0,"ITC-BT-13, apartado 1.1: indica que la parte inferior de la puerta se encontrará a un mínimo de 30 cm del suelo.",ITC-BT-13
"Según el REBT, no se alojarán más de:",Dos cajas generales de protección en el interior del mismo nicho (correcta),Tres cajas generales de protección por línea general,Una caja general de protección por edificio,Cinco cajas generales en la fachada,0,"ITC-BT-13, apartado 1.1: señala que no se alojarán más de dos cajas generales de protección en el mismo nicho.",ITC-BT-13
"Según el REBT, se dispondrá una caja general de protección por cada:",Línea general de alimentación (correcta),Derivación individual,Contador de usuario,Suministro contratado,0,"ITC-BT-13, apartado 1.1: especifica que se dispondrá una caja general de protección por cada línea general de alimentación.",ITC-BT-13
"Según el REBT, cuando para un suministro se precisen más de dos cajas generales de protección:",Podrán utilizarse otras soluciones técnicas previo acuerdo entre la propiedad y la empresa suministradora (correcta),Se instalarán todas en el mismo nicho,Deberán ubicarse en el interior del edificio,Se conectarán en paralelo sin autorización,0,"ITC-BT-13, apartado 1.1: indica que, si se necesitan más de dos CGP para un suministro, podrán emplearse otras soluciones técnicas previo acuerdo entre propiedad y suministradora.",ITC-BT-13
"Según el REBT, los usuarios o instaladores solo podrán actuar sobre las conexiones a la LGA:",Previa comunicación a la empresa suministradora (correcta),Sin necesidad de autorización,Cuando exista un corte de suministro,Con presencia del titular de la vivienda,0,"ITC-BT-13, apartado 1.1: establece que solo se podrá actuar sobre las conexiones con la línea general de alimentación previa comunicación a la empresa suministradora.",ITC-BT-13
"Según el REBT, el neutro en la caja general de protección estará constituido por:",Una conexión amovible situada a la izquierda de las fases (correcta),Un borne fijo unido al chasis metálico,Un conductor aislado con doble aislamiento,Una barra equipotencial común,0,"ITC-BT-13, apartado 1.2 Tipos y características: indica que el neutro estará constituido por una conexión amovible situada a la izquierda de las fases.",ITC-BT-13
"Según el REBT, las cajas generales de protección tendrán un grado de protección mínimo:",IP43 según UNE 20.324 e IK08 según UNE-EN 50.102 (correcta),IP55 e IK10,IP44 e IK09,IP54 e IK08,0,"ITC-BT-13, apartado 1.2: fija que las cajas generales de protección tendrán grado IP43 según UNE 20.324 e IK08 según UNE-EN 50.102.",ITC-BT-13
"Según el REBT, las cajas generales de protección cumplirán lo indicado en la norma:",UNE-EN 60.439-1 (correcta),UNE-EN 50.102,UNE 20460-5-52,UNE 21123,0,"ITC-BT-13, apartado 1.2: señala que las cajas generales de protección cumplirán lo indicado en la Norma UNE-EN 60.439-1.",ITC-BT-13
"Según el REBT, las cajas generales de protección tendrán grado de inflamabilidad según:",UNE-EN 60.439-3 (correcta),UNE-EN 60.439-1,UNE 20.324,UNE 21123,0,"ITC-BT-13, mismo párrafo: indica que tendrán grado de inflamabilidad según UNE-EN 60.439-3.",ITC-BT-13
"Según el REBT, las cajas de protección y medida combinan:",La caja general de protección y el equipo de medida en un único elemento (correcta),El cuadro general del usuario con el contador,La derivación individual con la CGP,Los dispositivos de mando con la acometida,0,"ITC-BT-13, apartado 2: define la caja de protección y medida como un único elemento que integra la caja general de protección y el equipo de medida.",ITC-BT-13
"Según el REBT, las cajas de protección y medida tendrán grado de protección mínimo:",IP43 según UNE 20.324 e IK09 según UNE-EN 50.102 (correcta),IP55 e IK10,IP44 e IK08,IP54 e IK09,0,"ITC-BT-13, apartado 2.2 Tipos y características: establece que las cajas de protección y medida tendrán, una vez instaladas, grado IP43 según UNE 20.324 e IK09 según UNE-EN 50.102.",ITC-BT-13
¿Qué elementos enlaza la línea general de alimentación según la ITC-BT-14?,La Caja General de Protección con la centralización de contadores (correcta),El cuadro general de mando con la derivación individual,El contador con la instalación interior,La acometida con el cuadro general,0,"ITC-BT-14, punto 1: La LGA enlaza la Caja General de Protección con la centralización de contadores.",ITC-BT-14
¿Qué tipo de conductores forman la línea general de alimentación según la ITC-BT-14?,Conductores aislados en el interior de tubos empotrados (correcta),Conductores en bandeja perforada,Cables con cubierta de PVC en montaje aéreo,Cables aislados sin protección adicional,0,"ITC-BT-14, punto 1: Se listan los sistemas, entre ellos conductores aislados en tubos empotrados.",ITC-BT-14
¿Qué característica debe incluir siempre la canalización de la línea general de alimentación?,El conductor de protección (correcta),Un cable de mando,Un conductor de comunicaciones,Un embarrado de tierra,0,"ITC-BT-14, punto 1: Las canalizaciones incluirán en cualquier caso el conductor de protección.",ITC-BT-14
¿Por dónde debe discurrir la línea general de alimentación?,Por zonas de uso común (correcta),Por el interior de viviendas,Por patios interiores ventilados,Por falsos techos registrables,0,"ITC-BT-14, punto 2: El trazado será lo más corto posible discurriendo por zonas de uso común.",ITC-BT-14
¿De qué depende el diámetro de los tubos que alojan la línea general de alimentación?,De la sección del cable a instalar (correcta),De la tensión asignada,De la longitud del trazado,Del número de plantas del edificio,0,"ITC-BT-14, punto 2: Su diámetro será el indicado en la tabla 1 en función de la sección del cable.",ITC-BT-14
¿Qué ampliación mínima deben permitir otros tipos de canalización que no sean tubos?,Un 100% de ampliación de la sección de los conductores (correcta),Un 50% de ampliación,Un 25% adicional,Ninguna ampliación,0,"ITC-BT-14, punto 2: Deben permitir la ampliación de la sección de los conductores en un 100%.",ITC-BT-14
¿Cómo deben ser las uniones de los tubos rígidos utilizados en la línea general de alimentación?,Roscadas o embutidas (correcta),Soldadas,Pegadas,Atornilladas,0,"ITC-BT-14, punto 2: Las uniones serán roscadas o embutidas para impedir la separación.",ITC-BT-14
¿Qué dimensiones mínimas debe tener el conducto vertical para la LGA?,30 x 30 cm (correcta),20 x 20 cm,40 x 20 cm,50 x 30 cm,0,"ITC-BT-14, punto 2: Las dimensiones mínimas serán de 30 x 30 cm.",ITC-BT-14
¿Qué resistencia al fuego deben tener las paredes del conducto vertical de la LGA?,RF 120 (correcta),RF 30,RF 60,RF 90,0,"ITC-BT-14, punto 2: Las paredes deben tener RF 120.",ITC-BT-14
¿Qué resistencia al fuego deben tener las tapas de registro del conducto de la LGA?,RF 30 (correcta),RF 60,RF 15,RF 120,0,"ITC-BT-14, punto 2: Las tapas de registro tendrán RF 30.",ITC-BT-14
¿Cuántos conductores de fase debe incluir la línea general de alimentación?,Tres de fase y uno de neutro (correcta),Dos de fase y uno de neutro,Una fase y un neutro,Tres fases sin neutro,0,"ITC-BT-14, punto 3: Los conductores a utilizar serán tres de fase y uno de neutro.",ITC-BT-14
¿Cuál es la tensión asignada de los conductores utilizados en la LGA?,"0,6/1 kV (correcta)",450/750 V,"1,5/3 kV",230/400 V,0,"ITC-BT-14, punto 3: Su tensión asignada será 0,6/1 kV.",ITC-BT-14
¿Qué norma deben cumplir las canalizaciones prefabricadas utilizadas?,UNE-EN 60.439-2 (correcta),UNE 21.123,UNE 20.460,NBE-CPI-96,0,"ITC-BT-14, punto 1: Las canalizaciones prefabricadas deben cumplir UNE-EN 60.439-2.",ITC-BT-14
¿Cuál es la sección mínima permitida para conductores de cobre en la LGA?,10 mm² (correcta),6 mm²,16 mm²,25 mm²,0,"ITC-BT-14, punto 3: Sección mínima: 10 mm² en cobre.",ITC-BT-14
¿Cuál es la sección mínima permitida para conductores de aluminio en la LGA?,16 mm² (correcta),10 mm²,25 mm²,35 mm²,0,"ITC-BT-14, punto 3: Sección mínima: 16 mm² en aluminio.",ITC-BT-14
¿Cuál es la caída de tensión máxima permitida para una LGA destinada a contadores totalmente centralizados?,"0,50% (correcta)",1%,"1,50%",2%,0,"ITC-BT-14, punto 3: Máxima caída: 0,5% para contadores totalmente centralizados.",ITC-BT-14
¿Cuál es la caída de tensión máxima permitida para centralizaciones parciales?,1% (correcta),"0,50%","1,50%",2%,0,"ITC-BT-14, punto 3: Máxima caída permitida: 1% para centralizaciones parciales.",ITC-BT-14
"Según la ITC-BT-14, ¿qué debe considerarse para el cálculo de la sección de los cables?",La máxima caída de tensión y la intensidad máxima admisible (correcta),La longitud total de la línea,El tipo de edificio,La potencia contratada por el usuario,0,"ITC-BT-14, punto 3: Para el cálculo se tendrá en cuenta caída de tensión e intensidad admisible.",ITC-BT-14
¿Cuál debe ser la sección del conductor neutro según la ITC-BT-14?,Aproximadamente el 50% de la de fase sin ser inferior a los valores de la tabla 1 (correcta),Igual sección que fase,El doble que la fase,Una sección simbólica de 6 mm²,0,"ITC-BT-14, punto 3: El neutro tendrá un 50% de la fase, no inferior a tabla 1.",ITC-BT-14
¿Cuál es el diámetro exterior del tubo para una sección de fase de 50 mm² y neutro de 25 mm² según la Tabla 1?,125 mm (correcta),110 mm,140 mm,160 mm,0,"ITC-BT-14, Tabla 1: Fase 50 mm² / Neutro 25 mm² → Tubo 125 mm.",ITC-BT-14
"Según el REBT, las derivaciones individuales comienzan en:",El embarrado general (correcta),La caja general de protección,El cuadro general de mando del usuario,El contador de energía,0,"ITC-BT-15, punto 1: la derivación individual se inicia en el embarrado general.",ITC-BT-15
"Según el REBT, las derivaciones individuales deben incluir siempre:",El conductor de protección (correcta),Un interruptor magnetotérmico general,Cableado exclusivo de alumbrado,Un tubo de reserva por planta,0,"ITC-BT-15, punto 1: las canalizaciones incluirán, en cualquier caso, el conductor de protección.",ITC-BT-15
"Según el REBT, cada derivación individual debe ser:",Totalmente independiente de las de otros usuarios (correcta),Instalada dentro de la vivienda,Compartida entre dos locales si no excede 5 kW,Instalada sin tubo protector si discurre enterrada,0,"ITC-BT-15, punto 1: cada derivación individual será totalmente independiente de las correspondientes a otros usuarios.",ITC-BT-15
"Según el REBT, los diámetros exteriores nominales mínimos de los tubos para derivaciones individuales serán:",25 mm,32 mm (correcta),40 mm,50 mm,1,"ITC-BT-15, punto 2: los tubos tendrán un diámetro exterior nominal mínimo de 32 mm.",ITC-BT-15
"Según el REBT, los tubos y canales para derivaciones individuales deberán permitir ampliar la sección de los conductores inicialmente instalados en un:",25%,50%,75%,100% (correcta),3,"ITC-BT-15, punto 2: los tubos y canales deberán permitir ampliar en un 100% la sección de los conductores.",ITC-BT-15
"Según el REBT, cuando se agrupen dos o más derivaciones individuales, podrán ser tendidas simultáneamente:",En el mismo canal protector mediante cable con cubierta (correcta),En un tubo rígido sin cubrir,En bandejas abiertas,En molduras sin tapa,0,"ITC-BT-15, punto 2: la agrupación podrá realizarse en un canal protector mediante cable con cubierta.",ITC-BT-15
"Según el REBT, se dispondrá un tubo de reserva en derivaciones individuales por cada:",5 derivaciones,8 derivaciones,10 derivaciones (correcta),15 derivaciones,2,"ITC-BT-15, punto 2: se instalará un tubo de reserva por cada diez derivaciones individuales o fracción.",ITC-BT-15
"Según el REBT, las derivaciones individuales discurrirán por lugares de uso común en:",Edificios destinados principalmente a viviendas (correcta),Locales mojados,Garajes de más de 25 plazas,Zonas de almacenamiento,0,"ITC-BT-15, punto 2: en edificios destinados principalmente a viviendas, las derivaciones deberán discurrir por lugares de uso común.",ITC-BT-15
"Según el REBT, cuando las derivaciones individuales discurran verticalmente deberán alojarse:",En una canaladura o conducto de obra de fábrica RF 120 (correcta),En tubos metálicos flexibles,En bandejas perforadas,En falsos techos registrables,0,"ITC-BT-15, punto 2: Cuando las derivaciones individuales discurran verticalmente se alojarán en el interior de una canaladura o conducto de obra de fábrica con paredes de resistencia al fuego RF 120, preparado única y exclusivamente para este fin.",ITC-BT-15
"Según el REBT, las tapas de registro de la canaladura tendrán una resistencia al fuego mínima de:",RF 15,RF 30 (correcta),RF 60,RF 120,1,"ITC-BT-15, punto 2: las tapas de registro deberán tener resistencia al fuego mínima RF 30.",ITC-BT-15
"Según el REBT, deberán colocarse elementos cortafuegos cada:",Dos plantas,Tres plantas (correcta),Cinco plantas,Diez metros,1,"ITC-BT-15, punto 2: se dispondrán elementos cortafuegos, como mínimo, cada tres plantas.",ITC-BT-15
"Según el REBT, la altura mínima de las tapas de registro será de:","0,10 m","0,20 m","0,30 m (correcta)","0,50 m",2,"ITC-BT-15, punto 2: la altura mínima de las tapas de registro será de 0,30 m.",ITC-BT-15
"Según el REBT, las cajas de registro colocadas cada 15 m deberán ser:",Precintables y sin empalmes en su interior (correcta),De acero galvanizado,Ventiladas,De gran capacidad para bobinar cable,0,"ITC-BT-15, punto 2: Con objeto de facilitar la instalación, cada 15 m se podrán colocar cajas de registro precintables, comunes a todos los tubos de derivación individual, en las que no se realizarán empalmes de conductores.",ITC-BT-15
"Según el REBT, el hilo de mando incluido en cada derivación individual será de color:",Negro,Azul,Rojo (correcta),Verde-amarillo,2,"ITC-BT-15, punto 3: el hilo de mando será de color rojo y sección mínima 1,5 mm².",ITC-BT-15
"Según el REBT, no se admite en ningún caso el empleo de:",Conductor neutro común (correcta),Conductor de protección individual,Tubos empotrados,Canalizaciones prefabricadas UNE-EN 60439-2,0,"ITC-BT-15, punto 3: no se admite conductor neutro común ni conductor de protección común para distintos suministros.",ITC-BT-15
"Según el REBT, la sección mínima para los conductores polares, neutro y protección en derivaciones individuales será de:","2,5 mm²",4 mm²,6 mm² (correcta),10 mm²,2,"ITC-BT-15, punto 3: la sección mínima será de 6 mm² para conductores polares, neutro y protección.",ITC-BT-15
"Según el REBT, los cables utilizados deberán ser:",No propagadores del incendio y con baja emisión de humos (correcta),De PVC convencional sin requisitos adicionales,Sin cubierta para facilitar el enfriamiento,"De tensión asignada mínima 0,3/0,5 kV",0,"ITC-BT-15, punto 3: los cables deberán ser no propagadores del incendio y con humos y opacidad reducida.",ITC-BT-15
"Según el REBT, los cables deberán instalarse de forma que no se reduzca:",La seguridad contra incendios del edificio (correcta),La intensidad máxima admisible,La capacidad de ventilación del conducto,El número de derivaciones individuales,0,"ITC-BT-15, punto 3: los cables deben instalarse sin reducir la seguridad contra incendios del edificio.",ITC-BT-15
"Según el REBT, la caída de tensión máxima admisible para derivaciones con contadores totalmente concentrados será:","0,50%",1% (correcta),"1,50%",2%,1,"ITC-BT-15, punto 3: caída de tensión máxima admisible del 1%.",ITC-BT-15
"Según el REBT, la caída de tensión máxima admisible para derivaciones individuales sin línea general de alimentación será:","0,50%",1%,"1,50% (correcta)",2%,2,"ITC-BT-15, punto 3 b: en suministros a un único usuario sin LGA, la caída máxima es 1,5%.",ITC-BT-15
"Según el REBT, los contadores y dispositivos de medida pueden ubicarse en:","Módulos, paneles o armarios (correcta)",Cualquier superficie accesible del edificio,Solo en locales técnicos,Únicamente en armarios metálicos,0,"ITC-BT-16, apartado 1: se indica que pueden ubicarse en módulos, paneles o armarios.",ITC-BT-16
"Según el REBT, el grado de protección mínimo para instalaciones de medida en interior es:",IP20; IK07,IP40; IK09 (correcta),IP55; IK10,IP30; IK08,1,"ITC-BT-16, apartado 1: establece IP40; IK09 para instalaciones interiores.",ITC-BT-16
"Según el REBT, las partes transparentes de los módulos o armarios destinados a contadores deben ser:",Desmontables,Resistentes a los rayos ultravioleta (correcta),Tintadas para evitar deslumbramientos,De vidrio templado obligatorio,1,"ITC-BT-16, apartado 1: se indica que deben ser resistentes a los rayos ultravioleta.",ITC-BT-16
"Según el REBT, cada derivación individual debe llevar en su origen:",Un interruptor automático general,Su propia protección compuesta por fusibles de seguridad (correcta),Un interruptor diferencial independiente,Un seccionador bajo carga,1,"ITC-BT-16, apartado 1: indica que cada derivación individual debe llevar su propia protección con fusibles de seguridad instalados antes del contador.",ITC-BT-16
"Según el REBT, los cables de alimentación hacia el contador tendrán una sección mínima de:",4 mm²,6 mm² (correcta),10 mm²,"2,5 mm²",1,"ITC-BT-16, apartado 1: establece que los cables serán de 6 mm² salvo incumplimiento de previsión o caída de tensión.",ITC-BT-16
"Según el REBT, la colocación individual de contadores se utiliza cuando:",Existen más de 16 contadores,Se trate de un suministro a un único usuario independiente o dos usuarios alimentados desde un mismo lugar (correcta),El edificio tenga más de 12 plantas,Los contadores se integren en un sistema de telegestión,1,"ITC-BT-16, apartado 2.1: indica que esta disposición se utiliza en suministros a un único usuario o dos desde el mismo lugar.",ITC-BT-16
"Según el REBT, en colocación individual se utilizará:",Un armario metálico independiente,Una Caja de Protección y Medida (correcta),Un cuadro de distribución normalizado,Un módulo doble de medida,1,"ITC-BT-16, apartado 2.1: se hará uso de la Caja de Protección y Medida según ITC-BT-13.",ITC-BT-16
"Según el REBT, en caso de medida indirecta en suministros industriales o comerciales:",El contador se instalará siempre en un armario metálico,La solución será la que especifiquen los requisitos particulares de la empresa suministradora (correcta),El usuario debe instalar su propio armario a elección,La medida deberá realizarse exclusivamente en local de contadores,1,"ITC-BT-16, apartado 2.1: la solución se adopta según los requisitos particulares de la empresa suministradora.",ITC-BT-16
"Según el REBT, la ubicación en local de contadores es obligatoria cuando el número de contadores es:",Mayor de 8,Mayor de 12,Mayor de 16 (correcta),Mayor de 20,2,"ITC-BT-16, apartado 2.2: si el número de contadores es superior a 16, su ubicación será en local.",ITC-BT-16
"Según el REBT, en edificios de hasta 12 plantas la concentración de contadores se situará:",En cubierta,En cualquier planta,"En planta baja, entresuelo o primer sótano (correcta)",En plantas intermedias,2,"ITC-BT-16, apartado 2.2: se indica esta ubicación para edificios de hasta 12 plantas.",ITC-BT-16
"Según el REBT, podrán disponerse concentraciones por plantas cuando:",El edificio tenga más de 6 plantas,No exista espacio en planta baja,El número de contadores en cada concentración sea superior a 16 (correcta),El edificio tenga suministro monofásico,2,"ITC-BT-16, apartado 2.2: se permite concentración por plantas si cada una supera los 16 contadores.",ITC-BT-16
"Según el REBT, el local destinado a contadores debe situarse preferentemente:",En cualquier planta del edificio,"En planta baja, entresuelo o primer sótano (correcta)",En el último piso,En zonas privadas del usuario,1,"ITC-BT-16, apartado 2.2.1: el local estará situado en estas ubicaciones salvo concentraciones por plantas.",ITC-BT-16
"Según el REBT, el local de contadores debe contar con una altura mínima de:","2,00 m","2,10 m","2,30 m (correcta)","2,50 m",2,"ITC-BT-16, apartado 2.2.1: altura mínima 2,30 m.",ITC-BT-16
"Según el REBT, la puerta del local de contadores debe:",Abrir hacia el interior,"Medir como mínimo 0,70 x 2 m (correcta)",Ser blindada obligatoriamente,No requerir cerradura especial,1,"ITC-BT-16, apartado 2.2.1: la puerta de acceso abrirá hacia el exterior y tendrá una dimensión mínima de 0,70 x 2 m.",ITC-BT-16
"Según el REBT, cuando el número de contadores es igual o inferior a 16, la concentración puede ubicarse:",Solo en local,En local o en armario (correcta),En cualquier habitación del edificio,En el interior de viviendas,1,"ITC-BT-16, apartado 2.2.2: permite ubicación en armario si el número de contadores ≤ 16.",ITC-BT-16
"Según el REBT, desde la parte más saliente del armario hasta la pared opuesta deberá existir un pasillo mínimo de:","0,80 m","1,00 m","1,20 m","1,50 m (correcta)",3,"ITC-BT-16, apartado 2.2.2: se establece pasillo mínimo de 1,5 m.",ITC-BT-16
"Según el REBT, la altura mínima desde la parte inferior de la concentración de contadores al suelo será de:","0,10 m","0,20 m","0,25 m (correcta)","0,30 m",2,"ITC-BT-16, apartado 3: se indica una altura mínima de 0,25 m.",ITC-BT-16
"Según el REBT, la altura máxima del cuadrante de lectura del contador más alto será:","1,60 m","1,70 m","1,80 m (correcta)","2,00 m",2,"ITC-BT-16, apartado 3: el cuadrante de lectura no debe superar 1,80 m.",ITC-BT-16
"Según el REBT, la unidad funcional obligatoria para concentraciones de más de dos usuarios es:",La unidad funcional de mando,La unidad funcional de interruptor general de maniobra (correcta),La unidad funcional de telecomunicaciones,La unidad de bornes de protección,1,"ITC-BT-16, apartado 3: obligatoria para concentraciones de más de dos usuarios.",ITC-BT-16
"Según el REBT, en caso de discrepancia sobre la elección del sistema de instalación resolverá:",La empresa instaladora,El proveedor del contador,El Organismo Competente de la Administración (correcta),El ayuntamiento del municipio,2,"ITC-BT-16, apartado 4: resolverá el organismo competente.",ITC-BT-16
"Según el REBT, los dispositivos generales de mando y protección deben situarse:",En cualquier lugar del inmueble,Lo más cerca posible del punto de entrada de la derivación individual (correcta),En el centro de la vivienda,En un cuarto técnico independiente,1,"ITC-BT-17, apartado 1.1: deben situarse lo más cerca posible del punto de entrada de la derivación individual.",ITC-BT-17
"Según el REBT, la caja del interruptor de control de potencia debe colocarse:",Después de los dispositivos generales de mando y protección,Inmediatamente antes de los dispositivos de mando y protección (correcta),En cualquier punto del cuadro,En la parte superior del cuadro,1,"ITC-BT-17, apartado 1.1: se colocará inmediatamente antes de los demás dispositivos.",ITC-BT-17
"Según el REBT, en viviendas los dispositivos generales de mando y protección deben situarse:",En el salón,En la cocina,Junto a la puerta de entrada (correcta),En el baño,2,"ITC-BT-17, apartado 1.1: en viviendas deberá preverse su situación junto a la puerta de entrada.",ITC-BT-17
"Según el REBT, los dispositivos generales no podrán situarse en:",Dormitorios (correcta),Cocinas,Trasteros,Galerías,0,"ITC-BT-17, apartado 1.1: En viviendas, deberá preverse la situación de los dispositivos generales de mando y protección junto a la puerta de entrada y no podrá colocarse en dormitorios, baños, aseos, etc.",ITC-BT-17
"Según el REBT, en locales industriales o comerciales los dispositivos generales deben situarse:",Junto al cuadro de contadores,Lo más próximo posible a una puerta de entrada (correcta),En el fondo del local,En el interior de un armario cerrado,1,"ITC-BT-17, apartado 1.1: deberán situarse lo más próximo posible a una puerta de entrada.",ITC-BT-17
"Según el REBT, los dispositivos individuales de mando y protección de cada circuito pueden instalarse:",Solo en el mismo cuadro general,"En cualquier lugar, incluidos pasillos públicos",En cuadros separados y en otros lugares (correcta),Únicamente junto a la puerta de entrada,2,"ITC-BT-17, apartado 1.1: podrán instalarse en cuadros separados y en otros lugares.",ITC-BT-17
"Según el REBT, la altura de instalación de los dispositivos generales en viviendas debe estar entre:","0,5 y 1 m","1 y 1,4 m","1,4 y 2 m (correcta)","2 y 2,5 m",2,"ITC-BT-17, apartado 1.1: la altura estará entre 1,4 y 2 m.",ITC-BT-17
"Según el REBT, en locales comerciales la altura mínima para instalar los dispositivos generales es:","0,8 m",1 m (correcta),"1,4 m","1,2 m",1,"ITC-BT-17, apartado 1.1: en locales comerciales la altura mínima será 1 m.",ITC-BT-17
"Según el REBT, los dispositivos de mando y protección en lugares de uso común deben:",Ser accesibles para mantenimiento público,Ser de libre acceso,No ser accesibles al público en general (correcta),Instalarse sin cerramiento,2,"ITC-BT-17, apartado 1.1: deben tomarse precauciones para que no sean accesibles al público.",ITC-BT-17
"Según el REBT, los cuadros donde se ubiquen los dispositivos deben instalarse:",En posición inclinada,En posición horizontal,En posición vertical (correcta),En posición opcional,2,"ITC-BT-17, apartado 1.2: su posición de servicio será vertical.",ITC-BT-17
"Según el REBT, la envolvente de los cuadros debe cumplir un grado de protección mínimo:",IP20; IK05,IP30; IK07 (correcta),IP44; IK08,IP55; IK10,1,"ITC-BT-17, apartado 1.2: grado mínimo IP30 e IK07.",ITC-BT-17
"Según el REBT, la envolvente del interruptor de control de potencia debe ser:",Metálica y ventilada,Precintable y del modelo oficialmente aprobado (correcta),De acceso libre,Subterránea o empotrada,1,"ITC-BT-17, apartado 1.2: la envolvente del ICP será precintable y de modelo oficialmente aprobado.",ITC-BT-17
"Según el REBT, entre los dispositivos generales mínimos se incluye:",Un seccionador unipolar,Un interruptor general automático omnipolar (correcta),Un interruptor magnetotérmico unipolar,Un interruptor de corte visible,1,"ITC-BT-17, apartado 1.2: debe existir un interruptor general automático omnipolar.",ITC-BT-17
"Según el REBT, el interruptor diferencial general protege contra:",Sobrecargas,Sobretensiones,Contactos indirectos (correcta),Cortocircuitos,2,"ITC-BT-17, apartado 1.2: el diferencial general es para protección contra contactos indirectos.",ITC-BT-17
"Según el REBT, los dispositivos de protección de cada circuito interior deben ser:",Unipolares,Bipolares únicamente,De corte omnipolar (correcta),Siempre diferenciales,2,"ITC-BT-17, apartado 1.2: los dispositivos de sobrecarga y cortocircuito serán de corte omnipolar.",ITC-BT-17
"Según el REBT, si existen varios interruptores diferenciales en serie, debe garantizarse:",Que tengan la misma sensibilidad,La selectividad entre ellos (correcta),Que se disparen simultáneamente,Que estén en cuadros diferentes,1,"ITC-BT-17, apartado 1.2: En el caso de que se instale más de un interruptor diferencial en serie, existirá una selectividad entre ellos.",ITC-BT-17
"Según el REBT, el interruptor general automático debe tener un poder de corte mínimo de:",3.000 A,4.500 A (correcta),6.000 A,10.000 A,1,"ITC-BT-17, apartado 1.3: se fija un mínimo de 4.500 A.",ITC-BT-17
"Según el REBT, la sensibilidad de los interruptores diferenciales debe cumplir con:",ITC-BT-10,ITC-BT-15,ITC-BT-24 (correcta),ITC-BT-27,2,"ITC-BT-17, apartado 1.3: sensibilidad según lo señalado en ITC-BT-24.",ITC-BT-17
"Según el REBT, los dispositivos de protección contra sobrecargas y cortocircuitos deben tener sus polos:",Protegidos solo en fase,Protegidos según el número de fases del circuito (correcta),Sin protección mecánica,Únicamente protegidos en neutro,1,"ITC-BT-17, apartado 1.3: tendrán los polos protegidos que correspondan al número de fases.",ITC-BT-17
"Según el REBT, las características de interrupción de los dispositivos deben adecuarse a:",La sección del cuadro general,Las corrientes admisibles de los conductores del circuito que protegen (correcta),La previsión de cargas de la vivienda,El tipo de interruptor diferencial instalado,1,"ITC-BT-17, apartado 1.3: deben estar de acuerdo con las corrientes admisibles de los conductores.",ITC-BT-17
"Según el REBT, la puesta a tierra debe garantizar que las masas metálicas no presenten tensiones peligrosas y, además:",Permitir la circulación segura de corrientes de defecto o descarga atmosférica (correcta),Reducir la resistencia eléctrica del terreno por medios artificiales,Aumentar la capacidad de conducción de los electrodos enterrados,Eliminar la necesidad de medidas de protección adicionales,0,"ITC-BT-18, apartado 1: la puesta a tierra debe limitar tensiones peligrosas y permitir el paso seguro de corrientes de defecto o atmosféricas.",ITC-BT-18
"Según el REBT, una puesta a tierra consiste en la unión eléctrica directa de una parte de la instalación:",Mediante cualquier conductor protegido contra sobrecarga,Sin fusibles ni dispositivos de protección intermedios (correcta),Siempre a través de un transformador de aislamiento,Utilizando únicamente electrodos tipo pletina,1,"ITC-BT-18, apartado 2: la conexión a tierra es directa, sin fusibles ni protección alguna.",ITC-BT-18
"Según el REBT, los electrodos de tierra deben instalarse a una profundidad:",Siempre superior a 1 metro,"No inferior a 0,50 m para evitar efectos climáticos adversos (correcta)",Variable según el diámetro del electrodo,Dependiente exclusivamente del tipo de terreno,1,"ITC-BT-18, apartado 3.1: la profundidad mínima es de 0,50 m.",ITC-BT-18
"Según el REBT, las canalizaciones metálicas de otros servicios no deben utilizarse como tomas de tierra porque:",Pueden deteriorarse con el paso del tiempo,Podrían inducir tensiones peligrosas o fallos de seguridad (correcta),No cumplen con la resistividad mínima admisible,Carecen de continuidad eléctrica garantizada,1,"ITC-BT-18, apartado 3.1: se prohíbe usarlas por razones de seguridad.",ITC-BT-18
"Según el REBT, la sección del conductor de tierra enterrado debe cumplir:",Los valores mínimos establecidos en la tabla 1 (correcta),Un valor equivalente al conductor de protección más pequeño,Siempre 25 mm² si es de cobre,La mitad de la sección del conductor neutro,0,"ITC-BT-18, apartado 3.2 y tabla 1: establece las secciones mínimas de conductores enterrados.",ITC-BT-18
"Según el REBT, el borne principal de tierra debe permitir:",La desconexión manual del electrodo sin herramientas,"La conexión de todos los conductores de tierra, protección y equipotenciales (correcta)",La medición remota mediante sistema digital,La derivación de corrientes funcionales por separado,1,"ITC-BT-18, apartado 3.3: el borne principal debe unir todos los conductores asociados.",ITC-BT-18
"Según el REBT, las conexiones del conductor de protección deben ser:",Intercaladas con dispositivos de corte para mantenimiento,Accesibles para verificación salvo en cajas selladas (correcta),Realizadas exclusivamente mediante soldadura exotérmica,Comprobadas cada tres años por un organismo de control,1,"ITC-BT-18, apartado 3.4: las conexiones deben ser accesibles para comprobación.",ITC-BT-18
"Según el REBT, el conductor de protección que no disponga de protección mecánica y no forma parte de la canalización de alimentación debe tener una sección mínima de:","2,5 mm² en cualquier caso",4 mm² si es de cobre (correcta),6 mm² si el circuito es monofásico,16 mm² si está enterrado,1,"ITC-BT-18, apartado 3.4: mínimo 4 mm² sin protección mecánica.",ITC-BT-18
"Según el REBT, un conductor CPN (PEN) solo puede emplearse en instalaciones fijas cuando:",Su sección sea al menos 6 mm² en cobre,Su sección sea al menos 10 mm² en cobre o aluminio (correcta),Se utilice exclusivamente en interiores,El neutro esté protegido por un diferencial,1,"ITC-BT-18, apartado 7: cuando en las instalaciones fijas el conductor de protección tenga una sección al menos igual a 10 mm2, en cobre o aluminio, las funciones de conductor de protección y de conductor neutro pueden ser combinadas.",ITC-BT-18
"Según el REBT, un conductor CPN concéntrico puede reducirse a 4 mm² solo si:",La línea es subterránea y trifásica,"El cable es de cobre, tipo concéntrico y tiene conexiones duplicadas (correcta)",La instalación es temporal,El electrodo de tierra tiene resistencia inferior a 5 Ω,1,"ITC-BT-18, apartado 7: caso excepcional de 4 mm² con duplicación de continuidad.",ITC-BT-18
"Según el REBT, la sección del conductor principal de equipotencialidad debe ser:",Igual a la sección del conductor de protección mayor,"La mitad de la sección del conductor de protección mayor, con un mínimo de 6 mm² (correcta)",El doble de la sección del conductor de protección,6 mm² únicamente si es enterrado,1,"ITC-BT-18, apartado 8: sección ≥ 1/2 del mayor conductor de protección, mínimo 6 mm².",ITC-BT-18
"Según el REBT, la tensión máxima de contacto permitida en locales conductores es de:",50 V,24 V (correcta),12 V,75 V,1,"ITC-BT-18, apartado 9: 24 V en locales o emplazamientos conductores.",ITC-BT-18
"Según el REBT, un electrodo cumple su función cuando su resistencia garantiza que:",La corriente de defecto no supere 30 mA,Las tensiones de contacto no excedan los valores de seguridad establecidos (correcta),La intensidad de cortocircuito sea inferior a la nominal,La caída de tensión sea menor del 1 %,1,"ITC-BT-18, apartado 9: finalidad de la resistencia del electrodo.",ITC-BT-18
"Según el REBT, se considera que dos tomas de tierra son independientes cuando:",Están separadas más de 10 m,Una de ellas no supera 50 V cuando por la otra circula la corriente máxima de defecto (correcta),Ambas tienen resistencias inferiores a 10 ohmios,Sus electrodos son de distinto tipo,1,"ITC-BT-18, apartado 10: definición de independencia eléctrica.",ITC-BT-18
"Según el REBT, para que la puesta a tierra de utilización sea independiente de la del centro de transformación debe verificarse, entre otras condiciones:",Que ambas resistencias sean iguales,Que no existan canalizaciones metálicas conductoras entre ambos puntos (correcta),Que la tensión de defecto no supere 100 V,Que los electrodos tengan la misma profundidad,1,"ITC-BT-18, apartado 11.a: ausencia de canalizaciones metálicas conductoras.",ITC-BT-18
"Según el REBT, la distancia mínima entre la toma de tierra del edificio y la del centro de transformación debe ser:",10 metros en cualquier terreno,15 metros para terrenos de resistividad inferior a 100 Ω·m (correcta),20 metros si se utilizan electrodos múltiples,La indicada en función de la caída de tensión,1,"ITC-BT-18, apartado 11.b: ≥ 15 m si ρ < 100 Ω·m.",ITC-BT-18
"Según el REBT, ¿qué profundidad mínima debe tener una toma de tierra para evitar que los efectos climáticos aumenten su resistencia?","0,20 m","0,30 m","0,50 m (correcta)","1,00 m",2,"ITC-BT-18, punto 3.1: la profundidad nunca será inferior a 0,50 m.",ITC-BT-18
"Según el REBT, la revisión anual de una toma de tierra debe realizarse:",En cualquier época del año,Cuando el terreno esté más seco (correcta),Únicamente tras tormentas o descargas,Después de haber sustituido el electrodo,1,"ITC-BT-18, apartado 12: revisión anual en la época de mayor sequedad del terreno.",ITC-BT-18
"Según el REBT, en terrenos desfavorables los electrodos deben ponerse al descubierto cada cinco años con el fin de:",Reducir la resistividad del terreno,Inspeccionar su estado y el de los conductores de enlace (correcta),Medir la corriente de fuga del electrodo,Garantizar la continuidad del conductor de protección,1,"ITC-BT-18, apartado 12: inspección quinquenal de electrodos en terrenos desfavorables.",ITC-BT-18
"Según el REBT, cuando se utilicen dispositivos de control de tensión de defecto, la toma de tierra auxiliar debe instalarse:",A cualquier distancia siempre que la resistencia sea inferior a 10 ohmios,A una distancia suficiente para quedar fuera de la zona de influencia de la toma de tierra principal (correcta),Justo al lado del electrodo principal para garantizar la equipotencialidad,Únicamente en lugares con resistividad superior a 100 Ω·m,1,"ITC-BT-18, apartado 4.1: la toma de tierra auxiliar del dispositivo debe ser eléctricamente independiente, situándose fuera de la zona de influencia de la toma principal.",ITC-BT-18
"Según el REBT, la caída de tensión máxima admisible en circuitos interiores de viviendas es:",3 % de la tensión nominal (correcta),5 % de la tensión nominal,"1,5 % de la tensión nominal",2 % de la tensión nominal,0,"ITC-BT-19, punto 2.2.2: para viviendas, la caída de tensión debe ser menor del 3 %.",ITC-BT-19
"Según el REBT, en instalaciones interiores industriales alimentadas desde un transformador propio, la caída de tensión máxima admisible para alumbrado es:","4,5 % (correcta)",3 %,5 %,"6,5 %",0,"ITC-BT-19, punto 2.2.2: caída de tensión admisible 4,5 % para alumbrado en este caso.",ITC-BT-19
"Según el REBT, ¿con qué color se identifica el conductor neutro?",Azul claro (correcta),Verde-amarillo,Marrón,Gris,0,"ITC-BT-19, punto 2.2.4: el conductor neutro debe identificarse por el color azul claro.",ITC-BT-19
"Según el REBT, el conductor de protección debe identificarse por el color:",Verde-amarillo (correcta),Azul claro,Marrón o negro,Gris,0,"ITC-BT-19, punto 2.2.4: el conductor de protección se le identificará por el color verde-amarillo.",ITC-BT-19
"Según el REBT, la sección mínima del conductor de protección para S ≤ 16 mm² es:",Igual a la sección del conductor de fase (correcta),16 mm²,La mitad de la sección del conductor de fase,"2,5 mm² siempre",0,"ITC-BT-19, punto 2.3 y tabla 2: para S ≤ 16 mm², Sp = S.",ITC-BT-19
"Según el REBT, las instalaciones deben subdividirse con el fin de:",Limitar las consecuencias de un fallo (correcta),Reducir la potencia demandada,Evitar la necesidad de protecciones,Permitir la utilización de conductores más pequeños,0,"ITC-BT-19, punto 2.4: se subdividen para evitar interrupciones innecesarias y limitar fallos.",ITC-BT-19
"Según el REBT, la carga de los conductores debe mantenerse:",Lo más equilibrada posible (correcta),Al máximo valor permitido,Solo en una fase,Asignada a la fase neutra,0,"ITC-BT-19, punto 2.5: se procurará un reparto equilibrado entre fases.",ITC-BT-19
"Según el REBT, ¿qué dispositivos pueden emplearse para separar una instalación de su alimentación?","Cortacircuitos fusibles, seccionadores e interruptores con separación de contactos (correcta)",Solo interruptores automáticos,Solo seccionadores bajo carga,Solo fusibles,0,"ITC-BT-19, punto 2.6: lista de dispositivos admitidos para separación de la alimentación.",ITC-BT-19
"Según el REBT, los dispositivos para conectar y desconectar en carga podrán ser:","Interruptores manuales, fusibles de accionamiento manual o clavijas hasta 16 A (correcta)",Solo interruptores automáticos,Cualquier elemento mecánico,Únicamente clavijas industriales,0,"ITC-BT-19, punto 2.7: lista de dispositivos válidos para conectar y desconectar en carga.",ITC-BT-19
"Según el REBT, los dispositivos situados en el cuadro general deben ser:",De corte omnipolar (correcta),De corte unipolar,De corte solo en fase,De corte solo en neutro,0,"ITC-BT-19, punto 2.7: deben ser de corte omnipolar los dispositivos del cuadro general.",ITC-BT-19
"Según el REBT, las instalaciones deben protegerse contra contactos directos e indirectos aplicando:",Las medidas de la ITC-BT-24 (correcta),Normas UNE únicamente,El criterio del instalador,Interruptores diferenciales,0,"ITC-BT-19, punto 2.8: se deben aplicar las medidas de protección de la ITC-BT-24.",ITC-BT-19
"Según el REBT, la resistencia mínima de aislamiento para instalaciones con tensión nominal ≤ 500 V es:","≥ 0,5 MΩ (correcta)","≥ 0,25 MΩ",≥ 1 MΩ,≥ 2 MΩ,0,"ITC-BT-19, punto 2.9 y tabla 3: para ≤ 500 V, resistencia mínima ≥ 0,5 MΩ.",ITC-BT-19
"Según el REBT, ¿qué debe hacerse cuando la longitud total de la instalación supera los 100 metros para verificar correctamente la resistencia de aislamiento?",Fraccionar la instalación en partes de aproximadamente 100 metros (correcta),Aumentar la tensión de ensayo al doble,Desconectar todos los dispositivos de protección,Realizar la medida únicamente entre fases,0,"ITC-BT-19, punto 2.9: si la instalación excede de 100 metros debe fraccionarse para comprobar que cada tramo cumple la resistencia mínima exigida.",ITC-BT-19
"Según el REBT, la rigidez dieléctrica debe permitir resistir durante 1 minuto una tensión de:","2U + 1000 V, con mínimo 1.500 V (correcta)",1.000 V siempre,500 V siempre,U + 500 V,0,"ITC-BT-19, punto 2.9: Por lo que respecta a la rigidez dieléctrica de una instalación, ha de ser tal, que desconectados los aparatos de utilización (receptores), resista durante 1 minuto una prueba de tensión de 2U + 1000 voltios a frecuencia industrial, siendo U la tensión máxima de servicio expresada en voltios y con un mínimo de 1.500 voltios.",ITC-BT-19
"Según el REBT, las bases de toma de corriente en instalaciones interiores serán del tipo:","C2a, C3a o ESB 25-5a de UNE 20315 (correcta)",Cualquier tipo con toma de tierra,Solo tipo Schuko,Solo industriales IEC-309,0,"ITC-BT-19, punto 2.10: Las bases de toma de corriente utilizadas en las instalaciones interiores o receptoras serán del tipo indicado en las figuras C2a, C3a o ESB 25-5a de la norma UNE 20315",ITC-BT-19
"Según el REBT, las conexiones de conductores deben realizarse:",Con bornes o regletas; nunca por simple retorcimiento (correcta),Por retorcimiento si es temporal,Con cinta aislante únicamente,Por empalme directo sin caja,0,"ITC-BT-19, punto 2.11: prohíbe el retorcimiento y exige bornes o regletas.",ITC-BT-19
"Según el REBT, los conductores de protección deberán estar:",Protegidos contra deterioros mecánicos y químicos (correcta),Instalados siempre sin protección,Pintados de gris,Separados físicamente de la canalización,0,"ITC-BT-19, punto 2.3: se exige protección frente a deterioros mecánicos y químicos.",ITC-BT-19
"Según el REBT, cuando las canalizaciones incluyen conductores en tubos ferromagnéticos:",El conductor de protección debe colocarse en el mismo tubo (correcta),El conductor de protección puede ir por fuera,Debe eliminarse el neutro,Debe aumentarse la sección del neutro,0,"ITC-BT-19, punto 2.3: el conductor de protección debe ir en el mismo tubo o cable.",ITC-BT-19
"Según el REBT, en instalaciones interiores la sección del conductor neutro será:",Como mínimo igual a la de las fases (correcta),Siempre menor que la de fase,El doble de la sección de fase,La mitad que la fase,0,"ITC-BT-19, punto 2.2.2: En instalaciones interiores, para tener en cuenta las corrientes armónicas debidas cargas no lineales y posibles desequilibrios, salvo justificación por cálculo, la sección del conductor neutro será como mínimo igual a la de las fases..",ITC-BT-19
"Según el REBT, varios circuitos pueden alojarse en el mismo tubo siempre que:",Todos los conductores estén aislados para la tensión más elevada presente (correcta),Los conductores de fase sean del mismo color,La intensidad total no supere la del conductor mayor,Exista un conductor neutro común para todos los circuitos,0,"ITC-BT-20, apartado 2.1 Prescripciones generales: pueden coexistir varios circuitos si todos los conductores están aislados para la tensión asignada más elevada.",ITC-BT-20
"Según el REBT, los circuitos de potencia y los circuitos MBTS o MBTP podrán ir en la misma canalización solamente si:",Cada conductor está aislado para la tensión más alta presente (correcta),La canalización dispone de tapa metálica,Los cables cumplen UNE 20315,Se instalan en tubos enterrados,0,"ITC-BT-20, apartado 2.1 Prescripciones generales: no deben instalarse juntos salvo si cada conductor está aislado para la tensión más alta presente o existe separación adecuada.",ITC-BT-20
"Según el REBT, la separación mínima entre canalizaciones eléctricas y conductos no eléctricos debe ser de:",3 cm (correcta),5 cm,10 cm,1 cm,0,"ITC-BT-20, apartado 2.1.1 Disposiciones: debe mantenerse una distancia mínima de 3 cm entre superficies exteriores.",ITC-BT-20
"Según el REBT, las canalizaciones eléctricas no deben situarse por debajo de conductos susceptibles de producir condensaciones salvo que:",Se adopten medidas para protegerlas de dichas condensaciones (correcta),Los cables sean armados,La altura supere 2 metros,La canalización tenga grado IP4X,0,"ITC-BT-20, apartado 2.1.1 Disposiciones: no se colocarán debajo de conductos con condensaciones salvo con protecciones adecuadas.",ITC-BT-20
"Según el REBT, en un mismo canal o hueco podrán ir canalizaciones eléctricas junto a no eléctricas únicamente si:",Se cumplen simultáneamente todas las condiciones de protección contra contactos indirectos y riesgos adicionales (correcta),Los cables eléctricos son todos multipolares,La canalización no eléctrica es de PVC,La distancia entre ambas es superior a 10 cm,0,"ITC-BT-20, apartado 2.1.1 Disposiciones: se admiten ambas canalizaciones solo si se cumplen conjuntamente condiciones a) y b).",ITC-BT-20
"Según el REBT, la identificación de las canalizaciones debe permitir:",Reparaciones y transformaciones siempre que se garantice la correcta identificación de circuitos (correcta),Reconocer únicamente la fase,Localizar exclusivamente el neutro,Eliminar la necesidad de planos,0,"ITC-BT-20, apartado 2.1.3 Identificación: deben permitir reparaciones y transformaciones mediante identificación clara.",ITC-BT-20
"Según el REBT, en conductores aislados bajo tubo protector, la tensión asignada mínima del cable debe ser:",450/750 V (correcta),300/500 V,"0,6/1 kV",125/250 V,0,"ITC-BT-20, apartado 2.2.1: los cables serán de tensión asignada no inferior a 450/750 V.",ITC-BT-20
"Según el REBT, en instalaciones con conductores fijados directamente sobre paredes, la distancia máxima entre puntos de fijación debe ser:","0,40 m (correcta)",1 m,"0,20 m","0,60 m",0,"ITC-BT-20, apartado 2.2.2: la distancia entre dos puntos de fijación sucesivos no excederá de 0,40 m.",ITC-BT-20
"Según el REBT, el radio de curvatura de un cable fijado sobre pared no será inferior a:",10 veces el diámetro exterior del cable (correcta),5 veces el diámetro,El doble del diámetro,20 veces el diámetro exterior,0,"ITC-BT-20, apartado 2.2.2: el radio no será inferior a 10 veces el diámetro exterior.",ITC-BT-20
"Según el REBT, los extremos de los cables instalados sobre paredes deberán ser:",Estancos cuando el local lo exija (correcta),Pintados para su identificación,Soldados en todos los casos,Cubiertos con resina,0,"ITC-BT-20, apartado 2.2.2: los extremos serán estancos cuando las características del local lo exijan.",ITC-BT-20
"Según el REBT, los conductores enterrados deberán ir bajo tubo salvo que:","Tengan cubierta y tensión asignada 0,6/1 kV (correcta)",Sean cables armados,La zanja sea superior a 1 metro,Se utilicen bandejas metálicas,0,"ITC-BT-20, apartado 2.2.3: deben ir bajo tubo salvo que posean cubierta y 0,6/1 kV.",ITC-BT-20
"Según el REBT, los conductores empotrados en estructuras deben tener:",Cubierta y temperatura de servicio hasta 90 ºC (correcta),Cubierta metálica obligatoria,Aislamiento PVC exclusivamente,Protección por bandeja,0,"ITC-BT-20, apartado 2.2.4: deben ser conductores aislados con cubierta, temperatura -5 ºC a 90 ºC.",ITC-BT-20
"Según el REBT, los huecos de construcción utilizados para canalizaciones deben tener una sección mínima:",Cuatro veces la ocupada por los cables o tubos (correcta),Igual a la del conducto mayor,El doble del diámetro del tubo,Tres veces la sección del cable mayor,0,"ITC-BT-20, apartado 2.2.6: sección mínima cuatro veces la ocupación.",ITC-BT-20
"Según el REBT, la dimensión mínima del lado menor del hueco donde se instalan canalizaciones será:","Dos veces el diámetro exterior del cable mayor, con un mínimo de 20 mm (correcta)",10 mm en todos los casos,Depende del fabricante,El mismo diámetro del tubo,0,"ITC-BT-20, apartado 2.2.6 su dimensión más pequeña no será inferior a dos veces el diámetro exterior de mayor sección de éstos, con un mínimo de 20 milímetros.",ITC-BT-20
"Según el REBT, en canales protectoras IP4X se permite:",Realizar empalmes y conexiones a los mecanismos (correcta),Usar conductores desnudos,Instalar varios circuitos MBTS y MT en el mismo compartimento,Colocar tuberías de agua junto a ellas,0,"ITC-BT-20, apartado 2.2.7 (C) Realizar empalmes de conductores en su interior y conexiones a los mecanismos.",ITC-BT-20
"Según el REBT, en molduras la anchura mínima de ranura para cables rígidos ≤ 6 mm² debe ser:",6 mm (correcta),10 mm,3 mm,12 mm,0,"ITC-BT-20, apartado 2.2.8: anchura mínima de 6 mm.",ITC-BT-20
"Según el REBT, las molduras no podrán:",Estar totalmente empotradas ni recubiertas (correcta),Ser colocadas a más de 2 metros,Utilizarse en locales secos,Contener más de un cable por ranura,0,"ITC-BT-20, apartado 2.2.8: no estarán completamente empotradas ni recubiertas.",ITC-BT-20
"Según el REBT, en bandejas solo podrán utilizarse:",Cables con cubierta (correcta),Conductores desnudos,Cables 300/500 V,Tubos flexibles,0,"ITC-BT-20, apartado 2.2.9: únicamente cables con cubierta, incluyendo armados o aislamiento mineral.",ITC-BT-20
"Según el REBT, al atravesar elementos constructivos, no se permite que existan:",Empalmes o derivaciones en toda la longitud del paso (correcta),Tubos metálicos,Cables armados,Cables unipolares,0,"ITC-BT-20, apartado 3: está prohibido realizar empalmes o derivaciones dentro del paso.",ITC-BT-20
"Según el REBT, cuando se atraviesa un techo mediante tubo, éste debe:",Estar obturado y sobresalir por encima del suelo al menos 10 cm (correcta),Ser metálico obligatoriamente,Ser flexible y sin fijación,Contener cables sin aislamiento,0,"ITC-BT-20, apartado 3: los tubos en pasos de techo deben estar obturados y sobresalir 10 cm.",ITC-BT-20
"Según el REBT, los tubos protectores utilizados en instalaciones eléctricas pueden ser:","Metálicos, no metálicos o compuestos (correcta)",Únicamente metálicos galvanizados,Solo tubos no metálicos aislantes,Exclusivamente tubos flexibles,0,"ITC-BT-21, apartado 1.1: los tubos protectores pueden ser metálicos, no metálicos o compuestos.",ITC-BT-21
"Según el REBT, la superficie interior de los tubos protectores debe:","Carecer de aristas, asperezas o fisuras (correcta)",Ser rugosa para mejorar la fijación,Estar lubricada permanentemente,Presentar ranuras longitudinales,0,"ITC-BT-21, apartado 1.1: la superficie interior no debe presentar aristas ni asperezas que dañen los conductores.",ITC-BT-21
"Según el REBT, la denominación de los tubos protectores se realiza en función de:",Su diámetro exterior (correcta),Su diámetro interior,La sección de los conductores,El número de cables alojados,0,"ITC-BT-21, apartado 1.1: la denominación de los tubos se realiza en función del diámetro exterior.",ITC-BT-21
"Según el REBT, en canalizaciones fijas en superficie los tubos deberán ser preferentemente:",Rígidos (correcta),Flexibles,Textiles reforzados,Metálicos corrugados,0,"ITC-BT-21, apartado 1.2.1: en canalizaciones superficiales los tubos deberán ser preferentemente rígidos.",ITC-BT-21
"Según el REBT, cuando se instalan más de cinco conductores en un mismo tubo superficial, la sección interior mínima será:","2,5 veces la sección ocupada por los conductores (correcta)",Igual a la suma de las secciones,El doble de la sección ocupada,Libre sin limitación,0,"ITC-BT-21, apartado 1.2.1: para más de 5 conductores la sección interior será al menos 2,5 veces la ocupada.",ITC-BT-21
"Según el REBT, en canalizaciones empotradas los tubos protectores podrán ser:","Rígidos, curvables o flexibles (correcta)",Solo rígidos,Solo flexibles,Exclusivamente metálicos,0,"ITC-BT-21, apartado 1.2.2: los tubos empotrados pueden ser rígidos, curvables o flexibles.",ITC-BT-21
"Según el REBT, en tubos empotrados con más de cinco conductores, la sección interior mínima será:",Tres veces la sección ocupada (correcta),Dos veces la sección ocupada,Cuatro veces la sección ocupada,La misma sección ocupada,0,"ITC-BT-21, apartado 1.2.2: para más de 5 conductores la sección interior será como mínimo 3 veces la ocupada.",ITC-BT-21
"Según el REBT, las canalizaciones al aire se permiten únicamente para:",Alimentación de máquinas o elementos de movilidad restringida (correcta),Cualquier circuito de alumbrado,Instalaciones interiores de viviendas,Circuitos empotrados,0,"ITC-BT-21, apartado 1.2.3: el uso al aire se limita a máquinas o elementos de movilidad restringida.",ITC-BT-21
"Según el REBT, se recomienda no utilizar canalizaciones al aire para secciones superiores a:",16 mm² (correcta),10 mm²,25 mm²,35 mm²,0,"ITC-BT-21, apartado 1.2.3: se recomienda no utilizar este tipo de instalación para secciones superiores a 16 mm².",ITC-BT-21
"Según el REBT, en canalizaciones enterradas los tubos deberán cumplir la norma:",UNE-EN 50.086-2-4 (correcta),UNE-EN 60.439,UNE-EN 50.085-1,UNE 20.460-5-52,0,"ITC-BT-21, apartado 1.2.4: los tubos enterrados serán conformes a UNE-EN 50.086-2-4.",ITC-BT-21
"Según el REBT, el trazado de las canalizaciones bajo tubo debe realizarse preferentemente siguiendo:",Líneas verticales y horizontales (correcta),Recorridos diagonales,El camino más corto,Trayectorias curvas,0,"ITC-BT-21, apartado 2.1: el trazado se hará siguiendo líneas verticales y horizontales.",ITC-BT-21
"Según el REBT, la distancia máxima entre registros en tramos rectos será de:",15 metros (correcta),10 metros,20 metros,25 metros,0,"ITC-BT-21, apartado 2.1: los registros no estarán separados más de 15 m en tramos rectos.",ITC-BT-21
"Según el REBT, el número máximo de curvas en ángulo entre dos registros consecutivos será:",Tres (correcta),Dos,Cuatro,Cinco,0,"ITC-BT-21, apartado 2.1: no habrá más de 3 curvas en ángulo entre registros consecutivos.",ITC-BT-21
"Según el REBT, los tubos metálicos accesibles deberán:",Ponerse a tierra y asegurar su continuidad eléctrica (correcta),Aislarse con cinta,Pintarse de color verde,Utilizarse como conductor de protección,0,"ITC-BT-21, apartado 2.1: los tubos metálicos accesibles deben ponerse a tierra.",ITC-BT-21
"Según el REBT, la distancia máxima entre fijaciones en tubos en montaje superficial será de:","0,50 metros (correcta)","0,75 metros",1 metro,"1,5 metros",0,"ITC-BT-21, apartado 2.2: la distancia máxima entre fijaciones será de 0,50 m.",ITC-BT-21
"Según el REBT, en tubos empotrados las rozas deberán permitir un recubrimiento mínimo de:",1 cm de espesor (correcta),"0,5 cm de espesor",2 cm de espesor,Sin recubrimiento mínimo,0,"ITC-BT-21, apartado 2.3: los tubos empotrados quedarán recubiertos por una capa mínima de 1 cm.",ITC-BT-21
"Según el REBT, la longitud máxima de una canalización al aire será de:",4 metros (correcta),3 metros,5 metros,6 metros,0,"ITC-BT-21, apartado 2.4: la longitud total al aire no será superior a 4 m.",ITC-BT-21
"Según el REBT, las canales protectoras se definen como perfiles destinados a alojar conductores y:",Cerrados por una tapa desmontable (correcta),Rellenos de material aislante,Sellados permanentemente,Empotrados obligatoriamente,0,"ITC-BT-21, apartado 3.1: la canal protectora se cierra mediante una tapa desmontable.",ITC-BT-21
"Según el REBT, en canales con grado de protección IP4X o superior se permite:",Realizar empalmes y alojar mecanismos en su interior (correcta),Usar conductor desnudo,Eliminar la tapa,Instalar conductores sin aislamiento,0,"ITC-BT-21, apartado 3.1: en canales IP4X se permiten empalmes y mecanismos.",ITC-BT-21
"Según el REBT, las canales con conductividad eléctrica deberán:",Conectarse a la red de tierra (correcta),Usarse como conductor neutro,Aislarse completamente,Pintarse con señalización,0,"ITC-BT-21, apartado 4.1: las canales con conductividad eléctrica deben conectarse a tierra.",ITC-BT-21
"Según el REBT, todo circuito deberá protegerse frente a:",Los efectos de las sobreintensidades previsibles (correcta),Únicamente los cortocircuitos,Solo las sobrecargas permanentes,Exclusivamente las descargas atmosféricas,0,"ITC-BT-22, apartado 1.1: todo circuito estará protegido contra los efectos de las sobreintensidades que puedan presentarse.",ITC-BT-22
"Según el REBT, la interrupción de un circuito para protegerlo frente a sobreintensidades se realizará:",En un tiempo conveniente o mediante un dimensionado adecuado (correcta),Siempre de forma instantánea,Solo mediante fusibles calibrados,Únicamente mediante interruptores diferenciales,0,"ITC-BT-22, apartado 1.1.",ITC-BT-22
"Según el REBT, ¿cuál de las siguientes NO se cita como causa de sobreintensidades?",Sobrecargas,Cortocircuitos,Descargas eléctricas atmosféricas,Sobretensiones permanentes (correcta),3,"ITC-BT-22, apartado 1.1 Las sobreintensidades pueden estar motivadas por, Sobrecargas, Cortocircuitos y Descargas eléctricas atmosféricas",ITC-BT-22
"Según el REBT, las sobrecargas pueden estar motivadas por:",Defectos de aislamiento de gran impedancia (correcta),Defectos de aislamiento de baja impedancia,Falta de puesta a tierra,Sobretensiones transitorias,0,"ITC-BT-22, apartado 1.1 Sobrecargas debidas a los aparatos de utilización o defectos de aislamiento de gran impedancia.",ITC-BT-22
"Según el REBT, en la protección contra sobrecargas debe garantizarse:",La intensidad admisible del conductor (correcta),La tensión máxima del circuito,La potencia nominal del receptor,La corriente diferencial residual,0,"ITC-BT-22, apartado a) Protección contra sobrecargas.",ITC-BT-22
"Según el REBT, el dispositivo de protección contra sobrecargas podrá estar constituido por:",Un interruptor automático omnipolar con curva térmica de corte (correcta),Un interruptor diferencial de alta sensibilidad,Un relé de vigilancia de tensión,Un protector contra sobretensiones,0,"ITC-BT-22, apartado a).",ITC-BT-22
"Según el REBT, también se admiten como protección contra sobrecargas:",Cortacircuitos fusibles calibrados (correcta),Interruptores diferenciales,Relés electrónicos,Contactores de maniobra,0,"ITC-BT-22, apartado a).",ITC-BT-22
"Según el REBT, en el origen de todo circuito debe establecerse protección contra:",Cortocircuitos (correcta),Sobretensiones,Contactos indirectos,Fugas a tierra,0,"ITC-BT-22, apartado b) Protección contra cortocircuitos.",ITC-BT-22
"Según el REBT, la capacidad de corte del dispositivo contra cortocircuitos deberá estar de acuerdo con:",La intensidad de cortocircuito en el punto de conexión (correcta),La potencia instalada,La corriente diferencial asignada,La sección del neutro,0,"ITC-BT-22, apartado b).",ITC-BT-22
"Según el REBT, en circuitos derivados de uno principal se admite que:",Un solo dispositivo general proteja contra cortocircuitos a todos los circuitos derivados (correcta),Cada circuito tenga su propio diferencial,No exista protección contra sobrecargas,La protección sea únicamente por fusibles,0,"ITC-BT-22, apartado b).",ITC-BT-22
"Según el REBT, en los circuitos derivados cada circuito deberá disponer de protección contra:",Sobrecargas (correcta),Cortocircuitos,Sobretensiones,Contactos directos,0,"ITC-BT-22, apartado b).",ITC-BT-22
"Según el REBT, se admiten como dispositivos de protección contra cortocircuitos:",Fusibles calibrados e interruptores automáticos omnipolares (correcta),Interruptores diferenciales,Relés térmicos,Contactores,0,"ITC-BT-22, apartado b).",ITC-BT-22
"Según el REBT, la norma UNE que recoge los aspectos sobre dispositivos de protección es:",UNE-HD 60.364-4-43 (correcta),UNE 21.302,UNE 20.460-5-52,UNE 20.460-6-61,0,"ITC-BT-22, referencia normativa.",ITC-BT-22
"Según el REBT, el apartado 432 de la norma UNE citada trata sobre:",Naturaleza de los dispositivos de protección (correcta),Protección contra contactos indirectos,Coordinación de diferenciales,Limitación de sobretensiones,0,"ITC-BT-22, referencia UNE.",ITC-BT-22
"Según el REBT, el apartado 433 de la UNE 20.460-4-43 trata sobre:",Protección contra las corrientes de sobrecarga (correcta),Protección contra cortocircuitos,Limitación de sobreintensidades,Naturaleza de la alimentación,0,"ITC-BT-22, referencia UNE.",ITC-BT-22
"Según el REBT, el apartado 434 de la UNE 20.460-4-43 se refiere a:",Protección contra las corrientes de cortocircuito (correcta),Protección contra sobrecargas,Limitación por características de alimentación,Coordinación entre protecciones,0,"ITC-BT-22, referencia UNE.",ITC-BT-22
"Según el REBT, el apartado 435 de la UNE-HD 60364-4-43 trata sobre:",Coordinación entre protección contra sobrecargas y cortocircuitos (correcta),Naturaleza de los dispositivos,Protección diferencial,Limitación de tensiones,0,"ITC-BT-22, referencia UNE.",ITC-BT-22
"Según el REBT, el apartado 436 de la UNE 20.460-4-43 se refiere a:",Limitación de las sobreintensidades por las características de alimentación (correcta),Protección contra contactos directos,Protección del conductor de neutro,Coordinación de diferenciales,0,"ITC-BT-22, referencia UNE.",ITC-BT-22
"Según el REBT, en la tabla de aplicación de medidas de protección, la letra P indica:",Que debe preverse un dispositivo de protección sobre el conductor correspondiente (correcta),Protección permanente obligatoria,Protección por puesta a tierra,Protección preferente,0,"ITC-BT-22, apartado 1.2 tabla 1.",ITC-BT-22
"Según el REBT, SN corresponde a:",Sección del conductor de neutro (correcta),Sistema de neutro,Sobrecarga nominal,Sección nominal del circuito,0,"ITC-BT-22, apartado 1.2 tabla 1.",ITC-BT-22
"Según el REBT, esta instrucción trata de la protección de las instalaciones interiores contra:",Las sobretensiones transitorias transmitidas por las redes de distribución (correcta),Las sobretensiones permanentes de origen interno,Las sobreintensidades por sobrecarga,Los contactos directos e indirectos,0,"ITC-BT-23, punto 1: «Esta instrucción trata de la protección de las instalaciones eléctricas interiores contra las sobretensiones transitorias que se transmiten por las redes de distribución…»",ITC-BT-23
"Según el REBT, las sobretensiones tratadas en esta ITC se originan fundamentalmente por:","Descargas atmosféricas, conmutaciones de red y defectos en las mismas (correcta)",Sobrecargas prolongadas,Fugas de corriente a tierra,Defectos de aislamiento de baja impedancia,0,"ITC-BT-23, punto 1: «…que se originan, fundamentalmente, como consecuencia de las descargas atmosféricas, conmutaciones de redes y defectos en las mismas.»",ITC-BT-23
"Según el REBT, el nivel de sobretensión que puede aparecer en la red es función de:","Nivel isoceraúnico, tipo de acometida y proximidad del transformador (correcta)",La potencia instalada,La categoría del diferencial,La sección del conductor de fase,0,"ITC-BT-23, punto 1: «El nivel de sobretensión que puede aparecer en la red es función del: nivel isoceraúnico estimado, tipo de acometida aérea o subterránea, proximidad del transformador de MT/BT…»",ITC-BT-23
"Según el REBT, la incidencia de la sobretensión en la seguridad depende, entre otros factores, de:",La coordinación del aislamiento de los equipos (correcta),La intensidad nominal del circuito,La frecuencia de la red,La longitud de los conductores,0,"ITC-BT-23, punto 1: «La incidencia que la sobretensión puede tener en la seguridad… es función de: – La coordinación del aislamiento de los equipos…»",ITC-BT-23
"Según el REBT, esta instrucción se aplica a líneas de alimentación principal de:",230/400 V en corriente alterna (correcta),400/690 V en corriente continua,1000 V en corriente continua,Muy baja tensión,0,"ITC-BT-23, punto 1: «…cuando la protección contra sobretensiones está prescrita o recomendada en las líneas de alimentación principal 230/400 V en corriente alterna…»",ITC-BT-23
"Según el REBT, las categorías de sobretensiones permiten distinguir:",Los grados de tensión soportada en las distintas partes de la instalación (correcta),Los tipos de puesta a tierra,Los niveles de corriente de cortocircuito,Las potencias máximas admisibles,0,"ITC-BT-23, punto 2.1: «Las categorías de sobretensiones permiten distinguir los diversos grados de tensión soportada a las sobretensiones en cada una de las partes de la instalación, equipos y receptores.»",ITC-BT-23
"Según el REBT, las categorías de sobretensiones indican:",Los valores de tensión soportada a la onda de choque (correcta),La intensidad máxima admisible,La corriente diferencial residual,La resistencia de puesta a tierra,0,"ITC-BT-23, punto 2.1: «Las categorías indican los valores de tensión soportada a la onda de choque de sobretensión que deben de tener los equipos…»",ITC-BT-23
"Según el REBT, la estrategia de protección en cascada integra:","Tres niveles de protección: basta, media y fina (correcta)",Dos niveles de protección,Un único nivel de protección,Protección diferencial y magnetotérmica,0,"ITC-BT-23, punto 2.1: «…una estrategia de protección en cascada que integra tres niveles de protección: basta, media y fina…»",ITC-BT-23
"Según el REBT, la categoría I se aplica a:",Equipos muy sensibles a las sobretensiones (correcta),Equipos de distribución principal,Líneas aéreas de alimentación,Motores de conexión fija,0,"ITC-BT-23, punto 2.2, Categoría I: «Se aplica a los equipos muy sensibles a las sobretensiones…»",ITC-BT-23
"Según el REBT, los equipos destinados a conectarse a una instalación eléctrica fija pertenecen a:",Categoría II (correcta),Categoría I,Categoría III,Categoría IV,0,"ITC-BT-23, punto 2.2, Categoría II: «Se aplica a los equipos destinados a conectarse a una instalación eléctrica fija.»",ITC-BT-23
"Según el REBT, los armarios de distribución y la aparamenta pertenecen a:",Categoría III (correcta),Categoría II,Categoría I,Categoría IV,0,"ITC-BT-23, punto 2.2, Categoría III: «Ejemplo: armarios de distribución, embarrados, aparamenta…»",ITC-BT-23
"Según el REBT, los equipos conectados en el origen o muy próximos al origen de la instalación pertenecen a:",Categoría IV (correcta),Categoría III,Categoría II,Categoría I,0,"ITC-BT-23, punto 2.2, Categoría IV: «Se aplica a los equipos y materiales que se conectan en el origen o muy próximos al origen de la instalación…»",ITC-BT-23
"Según el REBT, la descarga directa del rayo:",No es tratada por esta instrucción (correcta),Es el caso principal tratado,Se considera situación natural,No produce sobretensiones,0,"ITC-BT-23, punto 3: «Las producidas como consecuencia de la descarga directa del rayo. Esta instrucción no trata este caso.»",ITC-BT-23
"Según el REBT, una situación natural se da cuando:",La instalación está alimentada por red subterránea en su totalidad (correcta),Existe una línea aérea con conductores desnudos,Hay alto riesgo de sobretensiones,Se instalan descargadores obligatoriamente,0,"ITC-BT-23, punto 3.1: «…cuando no es preciso la protección… debido a que está alimentada por una red subterránea en su totalidad…»",ITC-BT-23
"Según el REBT, una línea aérea con conductores aislados y pantalla metálica a tierra se considera:",Equivalente a una línea subterránea (correcta),Situación controlada,No permitida,De alto riesgo,0,"ITC-BT-23, punto 3.1: «…se considera equivalente a una línea subterránea.»",ITC-BT-23
"Según el REBT, se considera necesaria protección contra sobretensiones cuando:",La instalación incluye una línea aérea (correcta),La red es completamente subterránea,La potencia es inferior a 10 kW,Existe solo una categoría I,0,"ITC-BT-23, punto 3.2: «Cuando una instalación se alimenta por, o incluye, una línea aérea… se considera necesaria una protección contra sobretensiones…»",ITC-BT-23
"Según el REBT, en redes TT o IT los descargadores se conectarán entre:","Cada conductor, incluido el neutro, y tierra (correcta)",Fase y fase,Neutro y conductor de protección,Solo fases,0,"ITC-BT-23, punto 3.2: «En redes TT o IT, los descargadores se conectarán entre cada uno de los conductores, incluyendo el neutro… y la tierra…»",ITC-BT-23
"Según el REBT, en redes TN-S los descargadores se conectarán entre:",Cada fase y el conductor de protección (correcta),Fase y neutro,Neutro y tierra,Fase y fase,0,"ITC-BT-23, punto 3.2: «En redes TN-S, los descargadores se conectarán entre cada uno de los conductores de fase y el conductor de protección.»",ITC-BT-23
"Según el REBT, los equipos deberán escogerse de forma que su tensión soportada a impulsos:",No sea inferior a la indicada en la tabla 1 (correcta),Sea inferior a la tabla 1,"No supere 1,5 kV",Dependa del diferencial,0,"ITC-BT-23, punto 4: «Los equipos y materiales deben escogerse de manera que su tensión soportada a impulsos no sea inferior a la tensión soportada prescrita en la tabla 1…»",ITC-BT-23
"Según el REBT, los equipos y materiales deben escogerse de manera que:",Su tensión soportada a impulsos no sea inferior a la prescrita en la tabla 1 (correcta),Su tensión nominal sea siempre superior a 400 V,Dispongan obligatoriamente de protección diferencial,Se instalen únicamente en situación controlada,0,"ITC-BT-23, punto 4: «Los equipos y materiales deben escogerse de manera que su tensión soportada a impulsos no sea inferior a la tensión soportada prescrita en la tabla 1, según su categoría.»",ITC-BT-23
"Según el REBT, la ITC-BT-24 describe medidas destinadas a asegurar la protección contra:",Los choques eléctricos en personas y animales domésticos (correcta),Las sobreintensidades y cortocircuitos,Las sobretensiones transitorias,Los incendios por fallo térmico,0,"ITC-BT-24, apartado 1 (Introducción): «La presente instrucción describe las medidas destinadas a asegurar la protección de las personas y animales domésticos contra los choques eléctricos.»",ITC-BT-24
"Según el REBT, la protección contra contactos directos e indirectos a la vez se realiza mediante:",La utilización de muy baja tensión de seguridad (MBTS) (correcta),El uso exclusivo de interruptores automáticos,La conexión equipotencial principal,La puesta a tierra de las masas,0,"ITC-BT-24, apartado 2: «La protección contra los choques eléctricos para contactos directos e indirectos a la vez se realiza mediante la utilización de muy baja tensión de seguridad MBTS.»",ITC-BT-24
"Según el REBT, las pinturas, barnices y lacas:",No se consideran aislamiento suficiente contra contactos directos (correcta),Son equivalentes a un aislamiento principal,Pueden sustituir al aislamiento de las partes activas,Se aceptan como aislamiento reforzado,0,"ITC-BT-24, apartado 3.1: «Las pinturas, barnices, lacas y productos similares no se considera que constituyan un aislamiento suficiente en el marco de la protección contra los contactos directos.»",ITC-BT-24
"Según el REBT, las barreras o envolventes deben poseer como mínimo el grado de protección:",IP XXB (correcta),IP 2X,IP 1X,IP 00,0,"ITC-BT-24, apartado 3.2: «Las partes activas deben estar situadas en el interior de las envolventes o detrás de barreras que posean, como mínimo, el grado de protección IP XXB.»",ITC-BT-24
"Según el REBT, las superficies superiores horizontales fácilmente accesibles deben cumplir como mínimo:",IP4X o IP XXD (correcta),IP2X,IP XXB,IP00,0,"ITC-BT-24, apartado 3.2: «Las superficies superiores de las barreras o envolventes horizontales que son fácilmente accesibles, deben responder como mínimo al grado de protección IP4X o IP XXD.»",ITC-BT-24
"Según el REBT, la protección por medio de obstáculos:",No garantiza una protección completa (correcta),Garantiza protección total contra contactos voluntarios,Es válida para cualquier tipo de local,Sustituye al aislamiento de las partes activas,0,"ITC-BT-24, apartado 3.3: «Esta medida no garantiza una protección completa y su aplicación se limita, en la práctica, a los locales de servicio eléctrico solo accesibles al personal autorizado.»",ITC-BT-24
"Según el REBT, la protección por puesta fuera de alcance por alejamiento se limita a:",Locales de servicio eléctrico accesibles solo a personal autorizado (correcta),Locales de pública concurrencia,Viviendas,Locales húmedos,0,"ITC-BT-24, apartado 3.4: «Esta medida no garantiza una protección completa y su aplicación se limita, en la práctica a los locales de servicio eléctrico solo accesibles al personal autorizado.»",ITC-BT-24
"Según el REBT, la altura que limita el volumen de accesibilidad es de:","2,5 m (correcta)","2,0 m","3,0 m","1,8 m",0,"ITC-BT-24, apartado 3.4: «Por convenio, este volumen está limitado conforme a la figura 1, entendiendo que la altura que limita el volumen es 2,5 m.»",ITC-BT-24
"Según el REBT, los dispositivos diferenciales como protección complementaria deben tener una corriente diferencial asignada:",Igual o inferior a 30 mA (correcta),Inferior a 300 mA,Superior a 30 mA,Exactamente de 100 mA,0,"ITC-BT-24, apartado 3.5: «El empleo de dispositivos de corriente diferencial-residual, cuyo valor de corriente diferencial asignada de funcionamiento sea inferior o igual a 30 mA, se reconoce como medida de protección complementaria.»",ITC-BT-24
"Según el REBT, el uso de dispositivos diferenciales no constituye por sí solo una protección completa porque:",Debe combinarse con otras medidas de protección (correcta),No actúa ante fallos a tierra,No interrumpe el circuito,No protege contra contactos indirectos,0,"ITC-BT-24, apartado 3.5: «La utilización de tales dispositivos no constituye por sí mismo una medida de protección completa y requiere el empleo de una de las medidas de protección enunciadas en los apartados 3.1 a 3.4.»",ITC-BT-24
"Según el REBT, la tensión límite convencional en corriente alterna es de:",50 V (correcta),24 V,120 V,230 V,0,"ITC-BT-24, apartado 4.1: «La tensión límite convencional es igual a 50 V, valor eficaz en corriente alterna, en condiciones normales.»",ITC-BT-24
"Según el REBT, en esquemas TN debe cumplirse la condición:",Zs × Ia ≤ U0 (correcta),RA × Ia ≤ U,RA × Id ≤ UL,2 × Zs × Ia ≤ U,0,"ITC-BT-24, apartado 4.1.1: «Las características de los dispositivos de protección (...) se eligen de manera que se cumpla la condición siguiente: Zs x Ia ≤ U0.»",ITC-BT-24
"Según el REBT, en esquemas TN-C:",No pueden utilizarse dispositivos diferenciales (correcta),Es obligatorio el uso de diferenciales,Debe separarse el neutro y el conductor de protección aguas abajo,Se exige protección por MBTS,0,"ITC-BT-24, apartado 4.1.1: «Cuando el conductor neutro y el conductor de protección sean comunes (esquemas TN-C), no podrá utilizarse dispositivos de protección de corriente diferencial-residual.»",ITC-BT-24
"Según el REBT, en esquemas TT debe cumplirse la condición:",RA × Ia ≤ U (correcta),Zs × Ia ≤ U0,2 × Zs × Ia ≤ U,RA × Id ≤ UL,0,"ITC-BT-24, apartado 4.1.2: «Se cumplirá la siguiente condición: RA x Ia ≤ U.»",ITC-BT-24
"Según el REBT, en esquemas IT con un primer defecto:",No es imperativo el corte automático (correcta),Debe producirse el corte inmediato,Debe actuar un interruptor automático,Debe disparar un fusible,0,"ITC-BT-24, apartado 4.1.3: «En caso de que exista un sólo defecto a masa o a tierra, la corriente de fallo es de poca intensidad y no es imperativo el corte.»",ITC-BT-24
"Según el REBT, en esquemas IT ningún conductor activo debe:",Conectarse directamente a tierra (correcta),Tener aislamiento reforzado,Disponer de protección diferencial,Estar protegido por fusible,0,"ITC-BT-24, apartado 4.1.3: «Ningún conductor activo debe conectarse directamente a tierra en la instalación.»",ITC-BT-24
"Según el REBT, la protección por equipos de clase II se basa en:",Aislamiento doble o reforzado (correcta),Conexión equipotencial,Separación eléctrica,Corte automático,0,"ITC-BT-24, apartado 4.2: «Utilización de equipos con un aislamiento doble o reforzado (clase II).»",ITC-BT-24
"Según el REBT, en locales no conductores no debe existir:",Conductor de protección (correcta),Aislamiento principal,Separación eléctrica,Equipos de clase II,0,"ITC-BT-24, apartado 4.3: «En estos locales (o emplazamientos), no debe estar previsto ningún conductor de protección.»",ITC-BT-24
"Según el REBT, la resistencia mínima de paredes y suelos aislantes con tensión ≤ 500 V es de:",50 kΩ (correcta),100 kΩ,10 kΩ,1 MΩ,0,"ITC-BT-24, apartado 4.3: «Las paredes y suelos aislantes deben presentar una resistencia no inferior a 50 kΩ, si la tensión nominal de la instalación no es superior a 500 V.»",ITC-BT-24
"Según el REBT, en la protección por separación eléctrica con varios receptores:",Las masas deben conectarse entre sí mediante conductores equipotenciales no conectados a tierra (correcta),Las masas deben conectarse a tierra,Debe utilizarse un esquema TT,Debe emplearse MBTS,0,"ITC-BT-24, apartado 4.5: «Las masas del circuito separado deben conectarse entre sí mediante conductores de equipotencialidad aislados, no conectados a tierra.»",ITC-BT-24
"Según el REBT, el grado de electrificación básico se plantea como:",El sistema mínimo de la instalación interior de las viviendas en edificios nuevos (correcta),Un sistema opcional para viviendas existentes,Un sistema exclusivo para electrificación elevada,Un sistema aplicable solo a viviendas unifamiliares,0,"ITC-BT-25, apartado 1: ""El grado de electrificación básico se plantea como el sistema mínimo, a los efectos de uso, de la instalación interior de las viviendas en edificios nuevos"".",ITC-BT-25
"Según el REBT, el objeto del grado de electrificación básico es:",Permitir la utilización de los aparatos electrodomésticos de uso básico sin necesidad de obras posteriores (correcta),Garantizar el uso de sistemas de climatización,Permitir la recarga de vehículos eléctricos,Cubrir únicamente las necesidades de iluminación,0,"ITC-BT-25, apartado 1: ""Su objeto es permitir la utilización de los aparatos electrodomésticos de uso básico sin necesidad de obras posteriores de adecuación"".",ITC-BT-25
"Según el REBT, la capacidad de la instalación interior debe corresponderse como mínimo a:",La intensidad asignada del interruptor general automático (correcta),La potencia contratada,La sección de los conductores,El número de circuitos instalados,0,"ITC-BT-25, apartado 1: ""La capacidad de instalación se corresponderá como mínimo al valor de la intensidad asignada determinada para el interruptor general automático"".",ITC-BT-25
"Según el REBT, el interruptor general automático debe ser:",De corte omnipolar con accionamiento manual (correcta),Un interruptor diferencial de alta sensibilidad,El mismo que el interruptor de control de potencia,De corte unipolar,0,"ITC-BT-25, apartado 2.1: ""Un interruptor general automático de corte omnipolar con accionamiento manual"".",ITC-BT-25
"Según el REBT, la intensidad nominal mínima del interruptor general automático será de:",25 A (correcta),16 A,20 A,30 A,0,"ITC-BT-25, apartado 2.1: ""de intensidad nominal mínima de 25 A"".",ITC-BT-25
"Según el REBT, el interruptor general automático:",Es independiente del interruptor para el control de potencia (correcta),Puede ser sustituido por el ICP,Debe integrarse en el contador,Es opcional en viviendas,0,"ITC-BT-25, apartado 2.1: ""El interruptor general es independiente del interruptor para el control de potencia (ICP) y no puede ser sustituido por éste"".",ITC-BT-25
"Según el REBT, los interruptores diferenciales deben garantizar:",La protección contra contactos indirectos de todos los circuitos (correcta),La protección contra sobrecargas,La protección contra sobretensiones,La protección contra contactos directos exclusivamente,0,"ITC-BT-25, apartado 2.1: ""Uno o varios interruptores diferenciales que garanticen la protección contra contactos indirectos de todos los circuitos"".",ITC-BT-25
"Según el REBT, la intensidad diferencial-residual máxima de los diferenciales será de:",30 mA (correcta),100 mA,300 mA,10 mA,0,"ITC-BT-25, apartado 2.1: ""con una intensidad diferencial-residual máxima de 30 mA"".",ITC-BT-25
"Según el REBT, el circuito C1 está destinado a:",Alimentar los puntos de iluminación (correcta),Tomas de corriente de uso general,Cocina y horno,Lavadora y lavavajillas,0,"ITC-BT-25, apartado 2.3.1: ""C1 circuito de distribución interna, destinado a alimentar los puntos de iluminación"".",ITC-BT-25
"Según el REBT, el circuito C2 está destinado a:",Tomas de corriente de uso general y frigorífico (correcta),Cocina y horno,Calefacción eléctrica,Secadora independiente,0,"ITC-BT-25, apartado 2.3.1: ""C2 circuito de distribución interna, destinado a tomas de corriente de uso general y frigorífico"".",ITC-BT-25
"Según el REBT, el circuito C3 está destinado a:",Alimentar la cocina y horno (correcta),Alimentar puntos de luz,Alimentar tomas del baño,Alimentar climatización,0,"ITC-BT-25, apartado 2.3.1: ""C3 circuito de distribución interna, destinado a alimentar la cocina y horno"".",ITC-BT-25
"Según el REBT, el circuito C4 está destinado a:","Lavadora, lavavajillas y termo eléctrico (correcta)",Cocina y horno,Tomas de uso general,Calefacción eléctrica,0,"ITC-BT-25, apartado 2.3.1: ""C4 circuito de distribución interna, destinado a alimentar la lavadora, lavavajillas y termo eléctrico"".",ITC-BT-25
"Según el REBT, el circuito C5 está destinado a:",Tomas de corriente de los cuartos de baño y bases auxiliares de cocina (correcta),Puntos de iluminación,Climatización,Secadora,0,"ITC-BT-25, apartado 2.3.1: ""C5 circuito de distribución interna, destinado a alimentar tomas de corriente de los cuartos de baño, así como las bases auxiliares del cuarto de cocina"".",ITC-BT-25
"Según el REBT, la electrificación elevada se aplica cuando:",La superficie útil de la vivienda es superior a 160 m2 (correcta),La vivienda tiene una sola planta,"La potencia contratada es inferior a 5,75 kW",No existe previsión de nuevos receptores,0,"ITC-BT-25, apartado 2.3.2: ""o con superficies útiles de las viviendas superiores a 160 m2"".",ITC-BT-25
"Según el REBT, el circuito C8 corresponde a:",Calefacción eléctrica (correcta),Aire acondicionado,Secadora,Automatización,0,"ITC-BT-25, apartado 2.3.2: ""C8 Circuito de distribución interna, destinado a la instalación de calefacción eléctrica"".",ITC-BT-25
"Según el REBT, el circuito C9 corresponde a:",Aire acondicionado (correcta),Calefacción eléctrica,Secadora,Cocina y horno,0,"ITC-BT-25, apartado 2.3.2: ""C9 Circuito de distribución interna, destinado a la instalación aire acondicionado"".",ITC-BT-25
"Según el REBT, el circuito C10 corresponde a:",Secadora independiente (correcta),Lavadora,Frigorífico,Iluminación,0,"ITC-BT-25, apartado 2.3.2: ""C10 Circuito de distribución interna, destinado a la instalación de una secadora independiente"".",ITC-BT-25
"Según el REBT, el circuito C13 está destinado a:",Infraestructura de recarga de vehículos eléctricos (correcta),Automatización de la vivienda,Calefacción eléctrica,Climatización,0,"ITC-BT-25, apartado 2.3.2: ""C13 Circuito adicional para la infraestructura de recarga de vehículos eléctricos"".",ITC-BT-25
"Según el REBT, la caída de tensión máxima en la instalación interior será de:",3 % (correcta),5 %,2 %,1 %,0,"ITC-BT-25, apartado 3: ""la caída de tensión sea como máximo el 3 %"".",ITC-BT-25
"Según el REBT, la intensidad prevista de cada circuito se calculará mediante la fórmula:",I = n × Ia × Fs × Fu (correcta),I = P / U,I = √3 × U × cosφ,I = Z × U,0,"ITC-BT-25, apartado 3: ""El valor de la intensidad de corriente prevista en cada circuito se calculará de acuerdo con la fórmula: I = n × Ia × Fs × Fu"".",ITC-BT-25
"Según el REBT, las prescripciones de la ITC-BT-26 son aplicables a:",Las instalaciones interiores de las viviendas (correcta),Solo a edificios industriales,Únicamente a locales de pública concurrencia,Exclusivamente a instalaciones provisionales,0,"ITC-BT-26, apartado 1: «aplicables a las instalaciones interiores de las viviendas».",ITC-BT-26
"Según el REBT, las instalaciones de las viviendas se consideran alimentadas por una red:",De esquema TT (correcta),De esquema TN-C,De esquema IT,De esquema TN-S,0,"ITC-BT-26, apartado 2: «alimentadas por una red de distribución pública de baja tensión según el esquema de distribución “TT”».",ITC-BT-26
"Según el REBT, la tensión de alimentación monofásica en viviendas es de:",230 V (correcta),400 V,120 V,127 V,0,"ITC-BT-26, apartado 2: «a una tensión de 230 V en alimentación monofásica».",ITC-BT-26
"Según el REBT, en toda nueva edificación se establecerá:",Una toma de tierra de protección (correcta),Una red equipotencial secundaria,Un sistema IT,Un electrodo independiente por vivienda,0,"ITC-BT-26, apartado 3.1: «En toda nueva edificación se establecerá una toma de tierra de protección».",ITC-BT-26
"Según el REBT, el conductor en anillo de la toma de tierra se instalará:",En el fondo de las zanjas de cimentación (correcta),En los falsos techos,En canalizaciones vistas,En el interior de las viviendas,0,"ITC-BT-26, apartado 3.1: «Instalando en el fondo de las zanjas de cimentación de los edificios».",ITC-BT-26
"Según el REBT, las conexiones del conductor de tierra se realizarán mediante:",Soldadura aluminotérmica o autógena (correcta),Bornes enchufables,Conectores rápidos,Empalmes mecánicos simples,0,"ITC-BT-26, apartado 3.1: «Estas conexiones se establecerán… mediante soldadura aluminotérmica o autógena».",ITC-BT-26
"Según el REBT, a la toma de tierra se conectarán:",Las masas metálicas accesibles de los aparatos (correcta),Solo los conductores de fase,Únicamente los cuadros eléctricos,Solo las carcasas aislantes,0,"ITC-BT-26, apartado 3.2: «las masas metálicas accesibles de los aparatos receptores».",ITC-BT-26
"Según el REBT, deberán conectarse a tierra las partes metálicas de:",Las instalaciones de agua y gas (correcta),Solo las instalaciones eléctricas,Únicamente las antenas,Exclusivamente los depósitos,0,"ITC-BT-26, apartado 3.2: «las instalaciones de agua, de las instalaciones de gas canalizado».",ITC-BT-26
"Según el REBT, uno de los puntos de puesta a tierra se situará:",En la caja general de protección (correcta),Dentro de cada vivienda,En el último circuito,En los puntos de luz,0,"ITC-BT-26, apartado 3.3.d): «En el punto de ubicación de la caja general de protección».",ITC-BT-26
"Según el REBT, las líneas principales de tierra se establecerán:",En las mismas canalizaciones que las líneas generales de alimentación (correcta),En canalizaciones independientes,Por el interior de las viviendas,En bandejas metálicas vistas,0,"ITC-BT-26, apartado 3.4: «se establecerán en las mismas canalizaciones que las de las líneas generales de alimentación».",ITC-BT-26
"Según el REBT, la sección mínima de la línea principal de tierra será de:",16 mm² (correcta),10 mm²,6 mm²,25 mm²,0,"ITC-BT-26, apartado 3.4: «con un mínimo de 16 milímetros cuadrados».",ITC-BT-26
"Según el REBT, no podrán utilizarse como conductores de tierra:",Las tuberías de agua y gas (correcta),Los conductores de cobre,Las pletinas de tierra,Los conductores desnudos,0,"ITC-BT-26, apartado 3.4: «No podrán utilizarse como conductores de tierra las tuberías de agua, gas».",ITC-BT-26
"Según el REBT, los conductores de protección se instalarán:",Acompañando a los conductores activos (correcta),Por canalizaciones independientes,Solo en circuitos especiales,Únicamente hasta el cuadro,0,"ITC-BT-26, apartado 3.5: «Se instalarán conductores de protección acompañando a los conductores activos».",ITC-BT-26
"Según el REBT, la protección contra contactos indirectos se realizará mediante:",Puesta a tierra de las masas y dispositivos de protección (correcta),Solo interruptores automáticos,Únicamente diferenciales selectivos,Aislamiento reforzado,0,"ITC-BT-26, apartado 4: «mediante la puesta a tierra de las masas y empleo de los dispositivos descritos».",ITC-BT-26
"Según el REBT, el cuadro general de distribución se ajustará a:",La ITC-BT-17 (correcta),La ITC-BT-18,La ITC-BT-25,La ITC-BT-23,0,"ITC-BT-26, apartado 5: «El cuadro general de distribución estará de acuerdo con lo indicado en la ITC-BT-17».",ITC-BT-26
"Según el REBT, el cuadro general llevará una placa con:",Nombre del instalador y fecha (correcta),Solo el número de circuitos,El esquema unifilar,El código de la vivienda,0,"ITC-BT-26, apartado 5: «una placa… en la que conste su nombre o marca comercial, fecha».",ITC-BT-26
"Según el REBT, los conductores activos serán de:",Cobre (correcta),Aluminio,Aleación,Material sintético,0,"ITC-BT-26, apartado 6.1.1: «Los conductores activos serán de cobre».",ITC-BT-26
"Según el REBT, el conductor neutro se identificará por el color:",Azul claro (correcta),Verde,Amarillo,Negro,0,"ITC-BT-26, apartado 6.2: «se identificarán éstos por el color azul claro».",ITC-BT-26
"Según el REBT, el conductor de protección se identificará por el color:",Amarillo-verde (correcta),Azul,Negro,Gris,0,"ITC-BT-26, apartado 6.2: «Al conductor de protección se le identificará por el doble color amarillo-verde».",ITC-BT-26
"Según el REBT, no se utilizará un mismo conductor neutro para:",Varios circuitos (correcta),Un mismo circuito,Circuitos trifásicos,Circuitos de iluminación,0,"ITC-BT-26, apartado 7.2: «No se utilizará un mismo conductor neutro para varios circuitos».",ITC-BT-26
"Según el REBT, las prescripciones de la ITC-BT-27 son aplicables a:",Instalaciones interiores de viviendas que contengan bañera o ducha (correcta),Únicamente a locales industriales,Exclusivamente a locales de pública concurrencia,Solo a instalaciones exteriores,0,"ITC-BT-27, apartado 1. Campo de aplicación: «Las prescripciones objeto de esta Instrucción son aplicables a las instalaciones interiores de viviendas [...] que contengan una bañera o una ducha».",ITC-BT-27
"Según el REBT, para duchas de emergencia en zonas industriales:",Son de aplicación las reglas generales (correcta),"Se aplican los volúmenes 0, 1, 2 y 3",Es obligatoria la MBTS,Se exige IPX7,0,"ITC-BT-27, apartado 1: «Para duchas de emergencia en zonas industriales, son de aplicación las reglas generales».",ITC-BT-27
"Según el REBT, para la ejecución de las instalaciones en locales con bañera o ducha se tendrán en cuenta:","Cuatro volúmenes: 0, 1, 2 y 3 (correcta)","Tres volúmenes: 0, 1 y 2",Dos volúmenes: 0 y 1,Únicamente el volumen 0,0,"ITC-BT-27, apartado 2.1: «se tendrán en cuenta los cuatro volúmenes 0, 1, 2 y 3».",ITC-BT-27
"Según el REBT, los falsos techos y mamparas:",No se consideran barreras a efectos de separación de volúmenes (correcta),Se consideran barreras aislantes,Definen nuevos volúmenes,Reducen el volumen 1,0,"ITC-BT-27, apartado 2.1: «Los falsos techos y las mamparas no se consideran barreras a los efectos de la separación de volúmenes».",ITC-BT-27
"Según el REBT, el volumen 0 comprende:",El interior de la bañera o ducha (correcta),"Hasta 0,6 m alrededor de la ducha","Hasta 2,25 m de altura",El espacio bajo la bañera,0,"ITC-BT-27, apartado 2.1.1: «Comprende el interior de la bañera o ducha».",ITC-BT-27
"Según el REBT, en una ducha sin plato el volumen 0 está delimitado hasta:","0,05 m por encima del suelo (correcta)","0,60 m por encima del suelo","1,20 m por encima del suelo","2,25 m por encima del suelo",0,"ITC-BT-27, apartado 2.1.1: «el volumen 0 está delimitado por el suelo y por un plano horizontal situado a 0,05 m por encima del suelo».",ITC-BT-27
"Según el REBT, cuando el difusor de la ducha es fijo, el volumen 0 queda limitado por un radio de:","0,6 m alrededor del difusor (correcta)","1,2 m alrededor del difusor","2,4 m alrededor del difusor","0,3 m alrededor del difusor",0,"ITC-BT-27, apartado 2.1.1.b: «situado a un radio de 0,6 m alrededor del difusor».",ITC-BT-27
"Según el REBT, el volumen 1 está limitado en altura hasta:","2,25 m por encima del suelo (correcta)","2,00 m por encima del suelo","3,00 m por encima del suelo","1,80 m por encima del suelo",0,"ITC-BT-27, apartado 2.1.2.a: «plano horizontal situado a 2,25 m por encima del suelo».",ITC-BT-27
"Según el REBT, el volumen 2 se extiende horizontalmente desde el volumen 1 una distancia de:","0,6 m (correcta)","1,2 m","2,4 m","0,3 m",0,"ITC-BT-27, apartado 2.1.3.a: «plano vertical paralelo situado a una distancia de 0,6 m».",ITC-BT-27
"Según el REBT, el volumen 3 se extiende desde el volumen 2 una distancia de:","2,4 m (correcta)","0,6 m","1,2 m","3,0 m",0,"ITC-BT-27, apartado 2.1.4.a: «plano vertical paralelo situado a una distancia de éste de 2,4 m».",ITC-BT-27
"Según el REBT, el volumen 3 puede incluir el espacio bajo la bañera si:",Es accesible solo mediante herramienta y tiene IPX4 mínimo (correcta),Tiene ventilación natural,"Está a menos de 2,25 m",Está protegido por diferencial,0,"ITC-BT-27, apartado 2.1.4: «accesible sólo mediante el uso de una herramienta siempre que el cierre [...] garantice una protección como mínimo IP X4».",ITC-BT-27
"Según el REBT, cuando se utiliza MBTS la protección contra contactos directos se realiza mediante:",Barreras IP2X o aislamiento ensayado a 500 V (correcta),Interruptores automáticos,Fusibles calibrados,Transformadores de separación,0,"ITC-BT-27, apartado 2.2: «barreras o envolventes con un grado de protección mínimo IP2X [...] o aislamiento capaz de soportar una tensión de ensayo de 500 V».",ITC-BT-27
"Según el REBT, debe realizarse una conexión equipotencial local suplementaria en los volúmenes:","1, 2 y 3 (correcta)",Solo en el volumen 0,Solo en el volumen 3,Únicamente en el volumen 2,0,"ITC-BT-27, apartado 2.2: «en los volúmenes 1, 2 y 3».",ITC-BT-27
"Según el REBT, las canalizaciones metálicas de agua y gas deben:",Conectarse a la equipotencial local (correcta),Aislarse con PVC,Situarse fuera del volumen 3,Tener IPX7,0,"ITC-BT-27, apartado 2.2: «Canalizaciones metálicas de los servicios de suministro y desagües (por ejemplo agua, gas)».",ITC-BT-27
"Según el REBT, las bañeras metálicas pueden considerarse aisladas si la resistencia es como mínimo:",100 kΩ (correcta),50 kΩ,1 MΩ,10 kΩ,0,"ITC-BT-27, apartado 2.2: «si la resistencia de aislamiento [...] es de cómo mínimo 100 kΩ».",ITC-BT-27
"Según el REBT, todo equipo eléctrico incorporado en bañeras de hidromasaje debe cumplir:",UNE-EN 60.335-2-60 (correcta),UNE 20.460-4-41,UNE 20315,UNE 20460-6-61,0,"ITC-BT-27, apartado 3: «deberán cumplir los requisitos de la norma UNE-EN 60.335-2-60».",ITC-BT-27
"Según el REBT, el grado de protección mínimo exigido en cajas de conexión bajo bañeras es:",IPX5 (correcta),IPX4,IP2X,IPX7,0,"ITC-BT-27, apartado 3: «un grado de protección mínimo IPX5».",ITC-BT-27
"Según el REBT, para abrir las cajas de conexión en estos volúmenes:",Es necesario el uso de una herramienta (correcta),Debe hacerse sin tensión,Se requiere diferencial,Debe ser accesible manualmente,0,"ITC-BT-27, apartado 3: «Para su apertura será necesario el uso de una herramienta».",ITC-BT-27
"Según el REBT, no se admiten empalmes en los volúmenes salvo que:",Se realicen con cajas que cumplan IPX5 (correcta),Se protejan con diferencial,Estén fuera del volumen 1,Sean empalmes soldados,0,"ITC-BT-27, apartado 3: «No se admiten empalmes [...] salvo si estos se realizan con cajas que cumplan el requisito anterior».",ITC-BT-27
"Según el REBT, ¿qué grado de protección mínimo debe garantizar el cierre del volumen debajo de la bañera accesible solo con herramienta?",IP X1,IP X4 (correcta),IP 2X,IP 44,1,"ITC-BT-27, apartado 2.1.4: Requisito para el espacio bajo la bañera en volumen 3. «siempre que el cierre de dicho volumen garantice una protección como mínimo IP X4.»",ITC-BT-27
"Según el REBT, la ITC-BT-28 se aplica a:",Locales de pública concurrencia (correcta),Únicamente a viviendas,Exclusivamente a locales industriales,Solo a locales administrativos,0,"ITC-BT-28, apartado 1: «La presente instrucción se aplica a locales de pública concurrencia».",ITC-BT-28
"Según el REBT, la ocupación prevista de los locales se calculará como:","1 persona por cada 0,8 m2 de superficie útil (correcta)",1 persona por cada 1 m2,"1 persona por cada 0,5 m2",1 persona por cada 2 m2,0,"ITC-BT-28, apartado 1: «La ocupación prevista de los locales se calculará como 1 persona por cada 0,8 m2 de superficie útil».",ITC-BT-28
"Según el REBT, esta instrucción tiene por objeto:",Garantizar la correcta instalación y funcionamiento de los servicios de seguridad (correcta),Regular únicamente el alumbrado normal,Definir la potencia máxima instalada,Establecer criterios de eficiencia energética,0,"ITC-BT-28, apartado 1: «Esta instrucción tiene por objeto garantizar la correcta instalación y funcionamiento de los servicios de seguridad».",ITC-BT-28
"Según el REBT, la alimentación de los servicios de seguridad puede ser:",Automática o no automática (correcta),Solo automática,Solo manual,Exclusivamente autónoma,0,"ITC-BT-28, apartado 2: «La alimentación para los servicios de seguridad […] puede ser automática o no automática».",ITC-BT-28
"Según el REBT, una alimentación automática sin corte es aquella que:",Puede estar asegurada de forma continua durante el periodo de transición (correcta),"Está disponible en 0,5 segundos",Está disponible en 15 segundos,Está disponible en más de 15 segundos,0,"ITC-BT-28, apartado 2: «Sin corte: alimentación automática que puede estar asegurada de forma continua […] durante el periodo de transición».",ITC-BT-28
"Según el REBT, una alimentación automática con corte muy breve debe estar disponible en:","0,15 segundos como máximo (correcta)","0,5 segundos como máximo",15 segundos como máximo,Más de 15 segundos,0,"ITC-BT-28, apartado 2: «Con corte muy breve: alimentación automática disponible en 0,15 segundos como máximo».",ITC-BT-28
"Según el REBT, en el esquema IT debe preverse:",Un controlador permanente de aislamiento (correcta),Un interruptor diferencial de 30 mA,Un transformador de separación,Un fusible calibrado,0,"ITC-BT-28, apartado 2.1: «En el esquema IT debe preverse un controlador permanente de aislamiento».",ITC-BT-28
"Según el REBT, las fuentes de alimentación para servicios de seguridad pueden ser:","Baterías, generadores independientes o derivaciones separadas (correcta)",Únicamente baterías,Solo grupos electrógenos,Exclusivamente la red pública,0,"ITC-BT-28, apartado 2.1: «Se pueden utilizar las siguientes fuentes de alimentación: baterías de acumuladores, generadores independientes, derivaciones separadas de la red de distribución».",ITC-BT-28
"Según el REBT, una fuente propia de energía se pondrá en funcionamiento cuando:",La tensión descienda por debajo del 70% de su valor nominal (correcta),La tensión alcance el 90% del valor nominal,Exista sobrecarga,Se produzca un cortocircuito,0,"ITC-BT-28, apartado 2.2: «cuando aquella tensión descienda por debajo del 70% de su valor nominal».",ITC-BT-28
"Según el REBT, todos los locales de pública concurrencia deberán disponer de:",Alumbrado de emergencia (correcta),Alumbrado de reemplazamiento,Suministro de reserva,Suministro de socorro,0,"ITC-BT-28, apartado 2.3: «Todos los locales de pública concurrencia deberán disponer de alumbrado de emergencia».",ITC-BT-28
"Según el REBT, el alumbrado de emergencia tiene por objeto:",Asegurar la iluminación para una eventual evacuación (correcta),Sustituir al alumbrado normal,Aumentar la iluminancia habitual,Iluminar únicamente los accesos exteriores,0,"ITC-BT-28, apartado 3: «asegurar, en caso de fallo […] la iluminación […] para una eventual evacuación del público».",ITC-BT-28
"Según el REBT, la alimentación del alumbrado de emergencia será:",Automática con corte breve (correcta),Manual,Automática sin corte,No automática,0,"ITC-BT-28, apartado 3: «La alimentación del alumbrado de emergencia será automática con corte breve».",ITC-BT-28
"Según el REBT, el alumbrado de evacuación debe proporcionar una iluminancia mínima de:",1 lux a nivel del suelo (correcta),"0,5 lux",5 lux,15 lux,0,"ITC-BT-28, apartado 3.1.1: «una iluminancia horizontal mínima de 1 lux».",ITC-BT-28
"Según el REBT, en los cuadros de distribución del alumbrado la iluminancia mínima será de:",5 lux (correcta),1 lux,"0,5 lux",15 lux,0,"ITC-BT-28, apartado 3.1.1: «en los cuadros de distribución del alumbrado, la iluminancia mínima será de 5 lux».",ITC-BT-28
"Según el REBT, el alumbrado de evacuación deberá funcionar como mínimo durante:",Una hora (correcta),30 minutos,Dos horas,El tiempo que dure la evacuación,0,"ITC-BT-28, apartado 3.1.1: «como mínimo durante una hora».",ITC-BT-28
"Según el REBT, el alumbrado ambiente o anti-pánico debe proporcionar una iluminancia mínima de:","0,5 lux (correcta)",1 lux,5 lux,15 lux,0,"ITC-BT-28, apartado 3.1.2: «una iluminancia horizontal mínima de 0,5 lux».",ITC-BT-28
"Según el REBT, el alumbrado de zonas de alto riesgo debe proporcionar una iluminancia mínima de:",15 lux o el 10% de la iluminancia normal (correcta),5 lux,1 lux,"0,5 lux",0,"ITC-BT-28, apartado 3.1.3: «una iluminancia mínima de 15 lux o el 10% de la iluminancia normal».",ITC-BT-28
"Según el REBT, es obligatorio situar alumbrado de seguridad en recintos con una ocupación mayor de:",100 personas (correcta),50 personas,300 personas,1.000 personas,0,"ITC-BT-28, apartado 3.3.1.a: «en todos los recintos cuya ocupación sea mayor de 100 personas».",ITC-BT-28
"Según el REBT, cerca significa una distancia inferior a:",2 metros (correcta),1 metro,3 metros,5 metros,0,"ITC-BT-28, apartado 3.3.1, nota (1): «Cerca significa a una distancia inferior a 2 metros».",ITC-BT-28
"Según el REBT, los aparatos autónomos para alumbrado de emergencia deben cumplir la norma:",UNE-EN 60.598-2-22 (correcta),UNE 20.460-4-41,UNE 21.123,UNE-EN 50.200,0,"ITC-BT-28, apartado 3.4.1: «deberán cumplir las normas UNE-EN 60.598-2-22».",ITC-BT-28
